wavelength,flux
1150.0,0.0
1155.0,0.0
1160.0,0.0
1165.0,0.0
1170.0,0.0
1175.0,0.0
1180.0,0.0
1185.0,0.0
1190.0,0.0
1195.0,0.0
1200.0,0.0
1205.0,0.0
1210.0,0.0
1215.0,0.0
1220.0,0.0
1225.0,0.0
1230.0,0.0
1235.0,0.0
1240.0,0.0
1245.0,0.0
1250.0,0.0
1255.0,0.0
1260.0,0.0
1265.0,0.0
1270.0,0.0
1275.0,0.0
1280.0,0.0
1285.0,0.0
1290.0,0.0
1295.0,0.0
1300.0,0.0
1305.0,0.0
1310.0,0.0
1315.0,0.0
1320.0,0.0
1325.0,0.0
1330.0,0.0
1335.0,0.0
1340.0,0.0
1345.0,0.0
1350.0,0.0
1355.0,0.0
1360.0,0.0
1365.0,0.0
1370.0,0.0
1375.0,0.0
1380.0,0.0
1385.0,0.0
1390.0,0.0
1395.0,0.0
1400.0,0.0
1405.0,0.0
1410.0,0.0
1415.0,0.0
1420.0,0.0
1425.0,0.0
1430.0,0.0
1435.0,0.0
1440.0,0.0
1445.0,0.0
1450.0,0.0
1455.0,0.0
1460.0,0.0
1465.0,0.0
1470.0,0.0
1475.0,0.0
1480.0,0.0
1485.0,0.0
1490.0,0.0
1495.0,0.0
1500.0,0.0
1505.0,0.0
1510.0,0.0
1515.0,0.0
1520.0,0.0
1525.0,0.0
1530.0,0.0
1535.0,0.0
1540.0,0.0
1545.0,0.0
1550.0,0.0
1555.0,0.0
1560.0,0.0
1565.0,0.0
1570.0,0.0
1575.0,0.0
1580.0,0.0
1585.0,0.0
1590.0,0.0
1595.0,0.0
1600.0,0.0
1605.0,0.0
1610.0,0.0
1615.0,0.0
1620.0,0.0
1625.0,0.0
1630.0,0.0
1635.0,0.0
1640.0,0.0
1645.0,0.0
1650.0,0.0
1655.0,0.0
1660.0,0.0
1665.0,0.0
1670.0,0.0
1675.0,0.0
1680.0,0.0
1685.0,0.0
1690.0,0.0
1695.0,0.0
1700.0,0.0
1705.0,0.0
1710.0,0.0
1715.0,0.0
1720.0,0.0
1725.0,0.0
1730.0,0.0
1735.0,0.0
1740.0,0.0
1745.0,0.0
1750.0,0.0
1755.0,0.0
1760.0,0.0
1765.0,0.0
1770.0,0.0
1775.0,0.0
1780.0,0.0
1785.0,0.0
1790.0,0.0
1795.0,0.0
1800.0,0.0
1805.0,0.0
1810.0,0.0
1815.0,0.0
1820.0,0.0
1825.0,0.0
1830.0,0.0
1835.0,0.0
1840.0,0.0
1845.0,0.0
1850.0,0.0
1855.0,0.0
1860.0,0.0
1865.0,0.0
1870.0,0.0
1875.0,0.0
1880.0,0.0
1885.0,0.0
1890.0,0.0
1895.0,0.0
1900.0,0.0
1905.0,0.0
1910.0,0.0
1915.0,0.0
1920.0,0.0
1925.0,0.0
1930.0,0.0
1935.0,0.0
1940.0,0.0
1945.0,0.0
1950.0,0.0
1955.0,0.0
1960.0,0.0
1965.0,0.0
1970.0,0.0
1975.0,0.0
1980.0,0.0
1985.0,0.0
1990.0,0.0
1995.0,0.0
2000.0,0.0
2005.0,0.0
2010.0,0.0
2015.0,0.0
2020.0,0.0
2025.0,0.0
2030.0,0.0
2035.0,0.0
2040.0,0.0
2045.0,0.0
2050.0,0.0
2055.0,0.0
2060.0,0.0
2065.0,0.0
2070.0,0.0
2075.0,0.0
2080.0,0.0
2085.0,0.0
2090.0,0.0
2095.0,0.0
2100.0,0.0
2105.0,0.0
2110.0,0.0
2115.0,0.0
2120.0,0.0
2125.0,0.0
2130.0,0.0
2135.0,0.0
2140.0,0.0
2145.0,0.0
2150.0,0.0
2155.0,0.0
2160.0,0.0
2165.0,0.0
2170.0,0.0
2175.0,0.0
2180.0,0.0
2185.0,0.0
2190.0,0.0
2195.0,0.0
2200.0,0.0
2205.0,0.0
2210.0,0.0
2215.0,0.0
2220.0,0.0
2225.0,0.0
2230.0,0.0
2235.0,0.0
2240.0,0.0
2245.0,0.0
2250.0,0.0
2255.0,0.0
2260.0,0.0
2265.0,0.0
2270.0,0.0
2275.0,0.0
2280.0,0.0
2285.0,0.0
2290.0,0.0
2295.0,0.0
2300.0,0.0
2305.0,0.0
2310.0,0.0
2315.0,0.0
2320.0,0.0
2325.0,0.0
2330.0,0.0
2335.0,0.0
2340.0,0.0
2345.0,0.0
2350.0,0.0
2355.0,8.1815256e-07
2360.0,1.6363051e-06
2365.0,2.4544577e-06
2370.0,4.0907626e-06
2375.0,4.0907626e-06
2380.0,4.9089153e-06
2385.0,4.9089153e-06
2390.0,4.0907626e-06
2395.0,2.4544577e-06
2400.0,0.0
2405.0,0.0
2410.0,0.0
2415.0,0.0
2420.0,0.0
2425.0,0.0
2430.0,0.0
2435.0,0.0
2440.0,0.0
2445.0,0.0
2450.0,0.0
2455.0,1.1454135e-05
2460.0,2.5362728e-05
2465.0,3.9271323e-05
2470.0,5.154361e-05
2475.0,6.136145e-05
2480.0,6.54522e-05
2485.0,6.2997744e-05
2490.0,5.2361764e-05
2495.0,3.1907948e-05
2500.0,0.0
2505.0,0.0
2510.0,0.0
2515.0,0.0
2520.0,0.0
2525.0,0.0
2530.0,0.0
2535.0,0.0
2540.0,0.0
2545.0,0.0
2550.0,0.0
2555.0,0.00016690312
2560.0,0.00037471385
2565.0,0.0006136144
2570.0,0.0008754232
2575.0,0.0011511407
2580.0,0.0014301307
2585.0,0.00170503
2590.0,0.0019660206
2595.0,0.002204103
2600.0,0.0024102775
2605.0,0.0025779987
2610.0,0.0027097212
2615.0,0.0028128086
2620.0,0.0028929873
2625.0,0.002955167
2630.0,0.0030058925
2635.0,0.003051709
2640.0,0.0030975256
2645.0,0.0031490691
2650.0,0.0032137032
2655.0,0.0032947005
2660.0,0.0033879697
2665.0,0.0034902387
2670.0,0.0035957806
2675.0,0.0036996857
2680.0,0.0037962277
2685.0,0.0038813155
2690.0,0.0039500403
2695.0,0.0039966754
2700.0,0.004017129
2705.0,0.0040089474
2710.0,0.0039827665
2715.0,0.003953313
2720.0,0.0039336774
2725.0,0.0039394046
2730.0,0.0039827665
2735.0,0.00407849
2740.0,0.004240485
2745.0,0.004483476
2750.0,0.004820555
2755.0,0.0052582663
2760.0,0.0057728845
2765.0,0.0063325004
2770.0,0.0069043892
2775.0,0.007458278
2780.0,0.00796226
2785.0,0.008383608
2790.0,0.0086912345
2795.0,0.008853229
2800.0,0.008837684
2805.0,0.008625782
2810.0,0.008251068
2815.0,0.0077577224
2820.0,0.007191561
2825.0,0.0065984004
2830.0,0.006024057
2835.0,0.0055135298
2840.0,0.005112635
2845.0,0.0048663714
2850.0,0.004820555
2855.0,0.005006275
2860.0,0.0053989887
2865.0,0.0059594233
2870.0,0.0066466713
2875.0,0.00742228
2880.0,0.0082477955
2885.0,0.009081493
2890.0,0.009886555
2895.0,0.010621256
2900.0,0.011247962
2905.0,0.01173558
2910.0,0.012090659
2915.0,0.012328741
2920.0,0.01246619
2925.0,0.012518552
2930.0,0.012501371
2935.0,0.012430192
2940.0,0.012321377
2945.0,0.012189655
2950.0,0.012051387
2955.0,0.011920482
2960.0,0.011804305
2965.0,0.011707763
2970.0,0.011637402
2975.0,0.011597312
2980.0,0.011594039
2985.0,0.011631675
2990.0,0.01171758
2995.0,0.01185503
3000.0,0.012051387
3005.0,0.012309923
3010.0,0.012633911
3015.0,0.013022534
3020.0,0.013479062
3025.0,0.014002682
3030.0,0.014595022
3035.0,0.015257727
3040.0,0.015990792
3045.0,0.016796673
3050.0,0.017675368
3055.0,0.01862606
3060.0,0.01963566
3065.0,0.020691076
3070.0,0.021776766
3075.0,0.022878818
3080.0,0.023981687
3085.0,0.025072284
3090.0,0.026135065
3095.0,0.02715612
3100.0,0.028119903
3105.0,0.02902069
3110.0,0.029883021
3115.0,0.030740444
3120.0,0.031625688
3125.0,0.032571472
3130.0,0.033611342
3135.0,0.03477721
3140.0,0.036103435
3145.0,0.037622742
3150.0,0.039367862
3155.0,0.041351065
3160.0,0.03759493
3165.0,0.048978705
3170.0,0.05698351
3175.0,0.05929315
3180.0,0.058007833
3185.0,0.055997632
3190.0,0.054799855
3195.0,0.05533493
3200.0,0.05850854
3205.0,0.06333318
3210.0,0.060641468
3215.0,0.045514643
3220.0,0.033854336
3225.0,0.039708216
3230.0,0.04890916
3235.0,0.046031717
3240.0,0.0388287
3245.0,0.038233086
3250.0,0.044722673
3255.0,0.055211388
3260.0,0.06282184
3265.0,0.062396403
3270.0,0.059442054
3275.0,0.0601923
3280.0,0.06310165
3285.0,0.06627445
3290.0,0.07416962
3295.0,0.08913036
3300.0,0.098673284
3305.0,0.09214934
3310.0,0.081066646
3315.0,0.07828411
3320.0,0.07989996
3325.0,0.0798116
3330.0,0.07988442
3335.0,0.083003215
3340.0,0.08816984
3345.0,0.09323993
3350.0,0.095374495
3355.0,0.09237187
3360.0,0.085279316
3365.0,0.076863796
3370.0,0.073511004
3375.0,0.079262614
3380.0,0.08517377
3385.0,0.083298564
3390.0,0.08267759
3395.0,0.092420146
3400.0,0.10491006
3405.0,0.11023215
3410.0,0.10598511
3415.0,0.09452771
3420.0,0.08975133
3425.0,0.10112447
3430.0,0.10890674
3435.0,0.095010415
3440.0,0.07716978
3445.0,0.07525858
3450.0,0.08188971
3455.0,0.08531858
3460.0,0.083625
3465.0,0.07884373
3470.0,0.07900654
3475.0,0.089558244
3480.0,0.099601075
3485.0,0.09873792
3490.0,0.09490324
3495.0,0.097824045
3500.0,0.10604484
3505.0,0.114614174
3510.0,0.11576776
3515.0,0.105227515
3520.0,0.09548168
3525.0,0.09895882
3530.0,0.11108139
3535.0,0.12402783
3540.0,0.13400438
3545.0,0.13821869
3550.0,0.13384484
3555.0,0.12021933
3560.0,0.10536086
3565.0,0.09621474
3570.0,0.08675281
3575.0,0.07153026
3580.0,0.060414016
3585.0,0.063229285
3590.0,0.07433979
3595.0,0.08529486
3600.0,0.091880985
3605.0,0.09237515
3610.0,0.090798564
3615.0,0.09135164
3620.0,0.09320639
3625.0,0.094688065
3630.0,0.09576394
3635.0,0.09684799
3640.0,0.09850311
3645.0,0.1019009
3650.0,0.11049723
3655.0,0.12614603
3660.0,0.14199854
3665.0,0.15019973
3670.0,0.14756282
3675.0,0.13445027
3680.0,0.120738864
3685.0,0.115815215
3690.0,0.117578335
3695.0,0.12119457
3700.0,0.12239235
3705.0,0.11806186
3710.0,0.109177545
3715.0,0.09791077
3720.0,0.08711361
3725.0,0.07906544
3730.0,0.07306593
3735.0,0.06817502
3740.0,0.065470204
3745.0,0.06638326
3750.0,0.0717397
3755.0,0.08112964
3760.0,0.08980206
3765.0,0.09481979
3770.0,0.104842156
3775.0,0.1260184
3780.0,0.14286417
3785.0,0.14037861
3790.0,0.12713353
3795.0,0.11557386
3800.0,0.11007588
3805.0,0.110796675
3810.0,0.10909573
3815.0,0.09757778
3820.0,0.082628496
3825.0,0.072661765
3830.0,0.0704323
3835.0,0.07617982
3840.0,0.085766114
3845.0,0.09410309
3850.0,0.09668027
3855.0,0.09154963
3860.0,0.08641818
3865.0,0.08843411
3870.0,0.09285785
3875.0,0.09404664
3880.0,0.09463243
3885.0,0.098033495
3890.0,0.10253742
3895.0,0.10622238
3900.0,0.11145283
3905.0,0.12016615
3910.0,0.1282904
3915.0,0.13099521
3920.0,0.12641929
3925.0,0.114984795
3930.0,0.103262305
3935.0,0.09828957
3940.0,0.10282868
3945.0,0.11636338
3950.0,0.12952745
3955.0,0.13301525
3960.0,0.12660746
3965.0,0.11522288
3970.0,0.11524251
3975.0,0.13925038
3980.0,0.17317016
3985.0,0.2001291
3990.0,0.21872081
3995.0,0.23132445
4000.0,0.23999113
4005.0,0.24708451
4010.0,0.25653827
4015.0,0.26962218
4020.0,0.27537787
4025.0,0.26382965
4030.0,0.24118319
4035.0,0.2187069
4040.0,0.21176487
4045.0,0.2294435
4050.0,0.25163835
4055.0,0.25728527
4060.0,0.25068358
4065.0,0.24216743
4070.0,0.24084203
4075.0,0.25317731
4080.0,0.27632856
4085.0,0.3037792
4090.0,0.32362843
4095.0,0.32626694
4100.0,0.31662586
4105.0,0.30371785
4110.0,0.29833603
4115.0,0.30714592
4120.0,0.31851906
4125.0,0.31968984
4130.0,0.31163102
4135.0,0.29907322
4140.0,0.28802487
4145.0,0.2842671
4150.0,0.29139075
4155.0,0.30883133
4160.0,0.32161167
4165.0,0.31683367
4170.0,0.3043364
4175.0,0.29713583
4180.0,0.29819778
4185.0,0.30589086
4190.0,0.31022954
4195.0,0.30369005
4200.0,0.29695582
4205.0,0.299965
4210.0,0.30148348
4215.0,0.28776634
4220.0,0.2561971
4225.0,0.21387652
4230.0,0.19565137
4235.0,0.22749221
4240.0,0.27212736
4245.0,0.289068
4250.0,0.28819668
4255.0,0.28749472
4260.0,0.28697437
4265.0,0.2832804
4270.0,0.2775517
4275.0,0.27280644
4280.0,0.27510706
4285.0,0.28610468
4290.0,0.286787
4295.0,0.26429272
4300.0,0.2510534
4305.0,0.27733818
4310.0,0.31950575
4315.0,0.34882754
4320.0,0.37015593
4325.0,0.39433315
4330.0,0.42258072
4335.0,0.4509853
4340.0,0.46470982
4345.0,0.45478645
4350.0,0.44663355
4355.0,0.46425495
4360.0,0.4915804
4365.0,0.50431085
4370.0,0.48529208
4375.0,0.4303785
4380.0,0.38031903
4385.0,0.3732322
4390.0,0.3918149
4395.0,0.4090599
4400.0,0.41455626
4405.0,0.4073843
4410.0,0.40798894
4415.0,0.4323396
4420.0,0.45713782
4425.0,0.45948428
4430.0,0.4573399
4435.0,0.470729
4440.0,0.48707402
4445.0,0.48933378
4450.0,0.47520342
4455.0,0.45173064
4460.0,0.4486217
4465.0,0.4879969
4470.0,0.5389596
4475.0,0.5662442
4480.0,0.57011324
4485.0,0.56159216
4490.0,0.5592244
4495.0,0.5773154
4500.0,0.60570693
4505.0,0.6297786
4510.0,0.64153874
4515.0,0.6355221
4520.0,0.60974455
4525.0,0.5678936
4530.0,0.53286844
4535.0,0.52638054
4540.0,0.5461806
4545.0,0.5820918
4550.0,0.6161891
4555.0,0.6349428
4560.0,0.65015227
4565.0,0.67331666
4570.0,0.6894113
4575.0,0.6833668
4580.0,0.66644907
4585.0,0.65359753
4590.0,0.64811915
4595.0,0.64995676
4600.0,0.65724
4605.0,0.66791844
4610.0,0.68102115
4615.0,0.69504267
4620.0,0.70524746
4625.0,0.7072536
4630.0,0.7013318
4635.0,0.68950546
4640.0,0.6761532
4645.0,0.6660506
4650.0,0.66319036
4655.0,0.6693232
4660.0,0.67800796
4665.0,0.68250036
4670.0,0.68304205
4675.0,0.6823572
4680.0,0.6861052
4685.0,0.69635415
4690.0,0.69785464
4695.0,0.6781781
4700.0,0.65349525
4705.0,0.64337796
4710.0,0.65240955
4715.0,0.6771047
4720.0,0.6966741
4725.0,0.6934219
4730.0,0.67930716
4735.0,0.67035
4740.0,0.6691579
4745.0,0.67265147
4750.0,0.6684167
4755.0,0.64717585
4760.0,0.62153983
4765.0,0.6049657
4770.0,0.5924193
4775.0,0.578109
4780.0,0.571725
4785.0,0.5832135
4790.0,0.6080706
4795.0,0.6380919
4800.0,0.6647138
4805.0,0.68107927
4810.0,0.6875247
4815.0,0.6855341
4820.0,0.6740055
4825.0,0.65407777
4830.0,0.638438
4835.0,0.6389411
4840.0,0.652574
4845.0,0.671268
4850.0,0.6815996
4855.0,0.67331904
4860.0,0.65424305
4865.0,0.63602525
4870.0,0.62759906
4875.0,0.63309544
4880.0,0.64015204
4885.0,0.6378129
4890.0,0.6372435
4895.0,0.64990276
4900.0,0.66629934
4905.0,0.6730458
4910.0,0.6621333
4915.0,0.632949
4920.0,0.6091113
4925.0,0.611785
4930.0,0.62809896
4935.0,0.64016426
4940.0,0.64405376
4945.0,0.6403974
4950.0,0.634105
4955.0,0.6308104
4960.0,0.6347825
4965.0,0.64618343
4970.0,0.6501236
4975.0,0.6342147
4980.0,0.61111826
4985.0,0.5958196
4990.0,0.58753985
4995.0,0.58139145
5000.0,0.57181585
5005.0,0.55575794
5010.0,0.54083973
5015.0,0.5358196
5020.0,0.5433269
5025.0,0.5614686
5030.0,0.57638437
5035.0,0.5756227
5040.0,0.56434035
5045.0,0.55207384
5050.0,0.5482612
5055.0,0.5572134
5060.0,0.56281126
5065.0,0.5502338
5070.0,0.5302978
5075.0,0.5171828
5080.0,0.5128982
5085.0,0.51582146
5090.0,0.521987
5095.0,0.5266767
5100.0,0.52452743
5105.0,0.51328194
5110.0,0.5037586
5115.0,0.50528115
5120.0,0.5081267
5125.0,0.50277597
5130.0,0.49957213
5135.0,0.5083018
5140.0,0.51666087
5145.0,0.5121905
5150.0,0.50389934
5155.0,0.5011168
5160.0,0.49298924
5165.0,0.46819022
5170.0,0.4336904
5175.0,0.4026317
5180.0,0.3945418
5185.0,0.42201453
5190.0,0.4635186
5195.0,0.49338195
5200.0,0.5035091
5205.0,0.4971504
5210.0,0.5053687
5215.0,0.5519936
5220.0,0.6041042
5225.0,0.6272391
5230.0,0.6375331
5235.0,0.6569667
5240.0,0.6803266
5245.0,0.6956661
5250.0,0.69131273
5255.0,0.6605952
5260.0,0.6165892
5265.0,0.57799286
5270.0,0.56625646
5275.0,0.5948542
5280.0,0.6426278
5285.0,0.6838364
5290.0,0.70905924
5295.0,0.71666646
5300.0,0.7198728
5305.0,0.7309383
5310.0,0.74345523
5315.0,0.7465822
5320.0,0.73041713
5325.0,0.6922716
5330.0,0.65738064
5335.0,0.6499895
5340.0,0.6624655
5345.0,0.6826739
5350.0,0.7123622
5355.0,0.7509315
5360.0,0.7744992
5365.0,0.7638182
5370.0,0.7414499
5375.0,0.7341708
5380.0,0.7437866
5385.0,0.76163375
5390.0,0.76211894
5395.0,0.72720426
5400.0,0.68599886
5405.0,0.6719225
5410.0,0.6884991
5415.0,0.7270415
5420.0,0.7599148
5425.0,0.7644114
5430.0,0.7564835
5435.0,0.75647694
5440.0,0.763662
5445.0,0.771751
5450.0,0.7733014
5455.0,0.7655887
5460.0,0.7659217
5465.0,0.7865604
5470.0,0.79954445
5475.0,0.7809708
5480.0,0.763378
5485.0,0.7797591
5490.0,0.80847216
5495.0,0.82056606
5500.0,0.81249255
5505.0,0.79043597
5510.0,0.77411383
5515.0,0.78049135
5520.0,0.8020104
5525.0,0.82575804
5530.0,0.8419354
5535.0,0.84559005
5540.0,0.84804213
5545.0,0.8597646
5550.0,0.87156075
5555.0,0.8720598
5560.0,0.86086416
5565.0,0.8419877
5570.0,0.82611805
5575.0,0.8215274
5580.0,0.8201553
5585.0,0.8111459
5590.0,0.7887858
5595.0,0.7563517
5600.0,0.74794036
5605.0,0.7896571
5610.0,0.844844
5615.0,0.8716204
5620.0,0.8699759
5625.0,0.8532406
5630.0,0.84622985
5635.0,0.86612415
5640.0,0.8880768
5645.0,0.88693625
5650.0,0.8783432
5655.0,0.8805948
5660.0,0.88181216
5665.0,0.8703409
5670.0,0.86561114
5675.0,0.8848418
5680.0,0.9053317
5685.0,0.9037526
5690.0,0.89420724
5695.0,0.8931362
5700.0,0.8889129
5705.0,0.8702975
5710.0,0.8556771
5715.0,0.863753
5720.0,0.88485163
5725.0,0.904943
5730.0,0.9209395
5735.0,0.9324632
5740.0,0.9390264
5745.0,0.9404639
5750.0,0.93799305
5755.0,0.93317825
5760.0,0.92758286
5765.0,0.9225243
5770.0,0.91832227
5775.0,0.915048
5780.0,0.91277516
5785.0,0.9116674
5790.0,0.9122638
5795.0,0.9151936
5800.0,0.92108923
5805.0,0.9301437
5810.0,0.94080174
5815.0,0.9510696
5820.0,0.958955
5825.0,0.9630138
5830.0,0.9640029
5835.0,0.963229
5840.0,0.9619977
5845.0,0.9609119
5850.0,0.9577662
5855.0,0.94964933
5860.0,0.93365026
5865.0,0.90803075
5870.0,0.87573576
5875.0,0.8408841
5880.0,0.807591
5885.0,0.77970594
5890.0,0.7599958
5895.0,0.75096095
5900.0,0.7550992
5905.0,0.77361965
5910.0,0.80256915
5915.0,0.8367042
5920.0,0.87078106
5925.0,0.9004742
5930.0,0.92512846
5935.0,0.9450055
5940.0,0.960367
5945.0,0.97148085
5950.0,0.97863567
5955.0,0.98212427
5960.0,0.9822412
5965.0,0.97943246
5970.0,0.9747478
5975.0,0.96939135
5980.0,0.964565
5985.0,0.961123
5990.0,0.9585246
5995.0,0.9558795
6000.0,0.95229924
6005.0,0.9473716
6010.0,0.9426017
6015.0,0.9399714
6020.0,0.94146526
6025.0,0.94827074
6030.0,0.9584052
6035.0,0.9690903
6040.0,0.97754747
6045.0,0.9817658
6050.0,0.9827975
6055.0,0.9824589
6060.0,0.9825676
6065.0,0.9843152
6070.0,0.98638433
6075.0,0.98682857
6080.0,0.9837057
6085.0,0.9758482
6090.0,0.9652048
6095.0,0.95450336
6100.0,0.9464708
6105.0,0.9430288
6110.0,0.9428791
6115.0,0.9439181
6120.0,0.9440409
6125.0,0.94155043
6130.0,0.93637395
6135.0,0.92884284
6140.0,0.91929173
6145.0,0.90818125
6150.0,0.8964841
6155.0,0.8853024
6160.0,0.8757391
6165.0,0.86892056
6170.0,0.8660865
6175.0,0.8685009
6180.0,0.87742686
6185.0,0.8931558
6190.0,0.91207397
6195.0,0.9295939
6200.0,0.9411282
6205.0,0.94337815
6210.0,0.9382009
6215.0,0.9287463
6220.0,0.91816103
6225.0,0.9090746
6230.0,0.9020402
6235.0,0.89709276
6240.0,0.8942677
6245.0,0.8935387
6250.0,0.89464736
6255.0,0.89727193
6260.0,0.9010944
6265.0,0.90579385
6270.0,0.91106033
6275.0,0.9165812
6280.0,0.9220465
6285.0,0.9271223
6290.0,0.93138075
6295.0,0.9343719
6300.0,0.93564576
6305.0,0.93499696
6310.0,0.9332086
6315.0,0.9313063
6320.0,0.9303188
6325.0,0.9309954
6330.0,0.93298924
6335.0,0.93567276
6340.0,0.93842095
6345.0,0.94065696
6350.0,0.94199467
6355.0,0.9420961
6360.0,0.9406218
6365.0,0.9374343
6370.0,0.9331913
6375.0,0.9287496
6380.0,0.9249672
6385.0,0.922548
6390.0,0.9215825
6395.0,0.9220088
6400.0,0.9237629
6405.0,0.9266878
6410.0,0.93024683
6415.0,0.9338082
6420.0,0.9367397
6425.0,0.9385551
6430.0,0.93934876
6435.0,0.9393586
6440.0,0.9388243
6445.0,0.93805283
6450.0,0.93761593
6455.0,0.9381534
6460.0,0.9403051
6465.0,0.9443649
6470.0,0.9492394
6475.0,0.95348805
6480.0,0.95567256
6485.0,0.9548969
6490.0,0.9524424
6495.0,0.95013523
6500.0,0.94980067
6505.0,0.95280576
6510.0,0.9586825
6515.0,0.9665024
6520.0,0.9753385
6525.0,0.9842277
6530.0,0.99206233
6535.0,0.997701
6540.0,1.0
6545.0,0.99826306
6550.0,0.9935694
6555.0,0.9874447
6560.0,0.98141325
6565.0,0.97677594
6570.0,0.97393775
6575.0,0.97307795
6580.0,0.9743764
6585.0,0.9777651
6590.0,0.98218393
6595.0,0.98632544
6600.0,0.9888797
6605.0,0.9889525
6610.0,0.9872941
6615.0,0.9850712
6620.0,0.98344797
6625.0,0.98316413
6630.0,0.98326725
6635.0,0.9823795
6640.0,0.97912323
6645.0,0.9727621
6650.0,0.9651198
6655.0,0.9586621
6660.0,0.9558533
6665.0,0.9582563
6670.0,0.9638254
6675.0,0.969613
6680.0,0.9726729
6685.0,0.9708542
6690.0,0.9651934
6695.0,0.9575257
6700.0,0.94968367
6705.0,0.9431311
6710.0,0.9378499
6715.0,0.9334491
6720.0,0.92953914
6725.0,0.92581403
6730.0,0.9222968
6735.0,0.9190937
6740.0,0.9163096
6745.0,0.914049
6750.0,0.9124135
6755.0,0.9114996
6760.0,0.9114072
6765.0,0.9121558
6770.0,0.9134526
6775.0,0.91492856
6780.0,0.91621226
6785.0,0.91694695
6790.0,0.9168275
6795.0,0.9155602
6800.0,0.91285366
6805.0,0.9087155
6810.0,0.9043515
6815.0,0.9012678
6820.0,0.9009717
6825.0,0.90426475
6830.0,0.9091303
6835.0,0.91285044
6840.0,0.9127048
6845.0,0.9067249
6850.0,0.8959466
6855.0,0.8821558
6860.0,0.86713946
6865.0,0.85261476
6870.0,0.8400136
6875.0,0.8307013
6880.0,0.8260404
6885.0,0.8268421
6890.0,0.8317061
6895.0,0.8386824
6900.0,0.8458175
6905.0,0.85163623
6910.0,0.85655904
6915.0,0.8614835
6920.0,0.8673063
6925.0,0.8746386
6930.0,0.8829469
6935.0,0.8914124
6940.0,0.89921594
6945.0,0.905676
6950.0,0.9106635
6955.0,0.91418976
6960.0,0.9162621
6965.0,0.9169412
6970.0,0.9164863
6975.0,0.9152091
6980.0,0.9134183
6985.0,0.9114317
6990.0,0.90959007
6995.0,0.90824014
7000.0,0.9077288
7005.0,0.90834564
7010.0,0.910144
7015.0,0.91312206
7020.0,0.91727495
7025.0,0.9224604
7030.0,0.92797315
7035.0,0.9329696
7040.0,0.9366063
7045.0,0.93823355
7050.0,0.93798655
7055.0,0.9361931
7060.0,0.93318397
7065.0,0.9293345
7070.0,0.9252111
7075.0,0.9214246
7080.0,0.918589
7085.0,0.91710806
7090.0,0.9165607
7095.0,0.9163145
7100.0,0.9157401
7105.0,0.9142822
7110.0,0.9116788
7115.0,0.9077468
7120.0,0.9022995
7125.0,0.89554244
7130.0,0.8892483
7135.0,0.8855806
7140.0,0.8867015
7145.0,0.8939798
7150.0,0.90560484
7155.0,0.9189727
7160.0,0.93147564
7165.0,0.94088036
7170.0,0.94643235
7175.0,0.9477463
7180.0,0.9444385
7185.0,0.9366129
7190.0,0.9263237
7195.0,0.91611326
7200.0,0.90852404
7205.0,0.9054363
7210.0,0.9060892
7215.0,0.90905744
7220.0,0.9129183
7225.0,0.9164634
7230.0,0.9193474
7235.0,0.9214378
7240.0,0.9226036
7245.0,0.9228245
7250.0,0.9225161
7255.0,0.92220193
7260.0,0.9224081
7265.0,0.92350847
7270.0,0.92527163
7275.0,0.92731696
7280.0,0.9292601
7285.0,0.9307312
7290.0,0.9313947
7295.0,0.93092674
7300.0,0.9290032
7305.0,0.92553174
7310.0,0.92135763
7315.0,0.9175564
7320.0,0.9152043
7325.0,0.915048
7330.0,0.9165084
7335.0,0.9186765
7340.0,0.9206409
7345.0,0.92169714
7350.0,0.9219475
7355.0,0.9216988
7360.0,0.92125696
7365.0,0.9209272
7370.0,0.9210057
7375.0,0.9217879
7380.0,0.923569
7385.0,0.9264669
7390.0,0.92989004
7395.0,0.93307024
7400.0,0.93523914
7405.0,0.9358855
7410.0,0.93552476
7415.0,0.93493074
7420.0,0.93487597
7425.0,0.93584543
7430.0,0.93716836
7435.0,0.9378859
7440.0,0.9370391
7445.0,0.9341085
7450.0,0.93033516
7455.0,0.9273988
7460.0,0.9269791
7465.0,0.93011916
7470.0,0.9353185
7475.0,0.94043934
7480.0,0.9433446
7485.0,0.9425518
7490.0,0.93920887
7495.0,0.93511814
7500.0,0.93208355
7505.0,0.9314021
7510.0,0.93234456
7515.0,0.93367654
7520.0,0.9341625
7525.0,0.9328559
7530.0,0.92996293
7535.0,0.9259793
7540.0,0.9213977
7545.0,0.91694033
7550.0,0.91422904
7555.0,0.91462004
7560.0,0.91501117
7565.0,0.91540146
7570.0,0.91579247
7575.0,0.9161836
7580.0,0.91657466
7585.0,0.9169658
7590.0,0.917356
7595.0,0.9177471
7600.0,0.9181381
7605.0,0.9185292
7610.0,0.9189203
7615.0,0.9193114
7620.0,0.91970164
7625.0,0.92009276
7630.0,0.9204838
7635.0,0.92087483
7640.0,0.92126596
7645.0,0.921657
7650.0,0.92204726
7655.0,0.9224384
7660.0,0.92282945
7665.0,0.92322046
7670.0,0.9236116
7675.0,0.92400265
7680.0,0.9243929
7685.0,0.924784
7690.0,0.9251751
7695.0,0.9255662
7700.0,0.9259572
7705.0,0.92634827
7710.0,0.9267385
7715.0,0.9271296
7720.0,0.92752075
7725.0,0.9279118
7730.0,0.9283028
7735.0,0.93315285
7740.0,0.9388047
7745.0,0.9443591
7750.0,0.9487771
7755.0,0.9509804
7760.0,0.94989306
7765.0,0.9449605
7770.0,0.937719
7775.0,0.93022555
7780.0,0.9245394
7785.0,0.9221291
7790.0,0.9221013
7795.0,0.9229734
7800.0,0.92326385
7805.0,0.9218313
7810.0,0.91890967
7815.0,0.9150734
7820.0,0.9108991
7825.0,0.906945
7830.0,0.90370923
7835.0,0.9016712
7840.0,0.9013112
7845.0,0.90290254
7850.0,0.9058904
7855.0,0.90951324
7860.0,0.91300666
7865.0,0.91573113
7870.0,0.9175262
7875.0,0.9183525
7880.0,0.9181701
7885.0,0.9169543
7890.0,0.91473466
7895.0,0.9115561
7900.0,0.9074612
7905.0,0.9025744
7910.0,0.8973333
7915.0,0.8922576
7920.0,0.88786405
7925.0,0.88449484
7930.0,0.881786
7935.0,0.87919897
7940.0,0.8761923
7945.0,0.87254494
7950.0,0.8693059
7955.0,0.86784136
7960.0,0.86951864
7965.0,0.87506485
7970.0,0.88265085
7975.0,0.88980633
7980.0,0.8940624
7985.0,0.89371306
7990.0,0.8901025
7995.0,0.88533676
8000.0,0.8815234
8005.0,0.8802348
8010.0,0.88090724
8015.0,0.88244134
8020.0,0.88373977
8025.0,0.8839206
8030.0,0.8829715
8035.0,0.88109547
8040.0,0.8784986
8045.0,0.8754093
8050.0,0.87215394
8055.0,0.86908334
8060.0,0.8665511
8065.0,0.864797
8070.0,0.86362547
8075.0,0.8627288
8080.0,0.86180097
8085.0,0.8606932
8090.0,0.8598914
8095.0,0.86004275
8100.0,0.8617903
8105.0,0.8655563
8110.0,0.8708661
8115.0,0.87701946
8120.0,0.88331753
8125.0,0.8891534
8130.0,0.8942824
8135.0,0.898554
8140.0,0.9018152
8145.0,0.9038262
8150.0,0.90398574
8155.0,0.90160334
8160.0,0.8959899
8165.0,0.88676196
8170.0,0.8747622
8175.0,0.8611391
8180.0,0.84704155
8185.0,0.8336058
8190.0,0.82191443
8195.0,0.8130383
8200.0,0.80804837
8205.0,0.8076041
8210.0,0.8107311
8215.0,0.81604415
8220.0,0.8221574
8225.0,0.82790655
8230.0,0.8330012
8235.0,0.83737093
8240.0,0.8409471
8245.0,0.8437582
8250.0,0.84623396
8255.0,0.8489004
8260.0,0.8522867
8265.0,0.8567669
8270.0,0.86210614
8275.0,0.8679134
8280.0,0.87380004
8285.0,0.8791499
8290.0,0.8824389
8295.0,0.88191855
8300.0,0.87583804
8305.0,0.8632769
8310.0,0.84663814
8315.0,0.8291534
8320.0,0.81405604
8325.0,0.80396414
8330.0,0.799043
8335.0,0.79884493
8340.0,0.80292016
8345.0,0.8104251
8350.0,0.8189298
8355.0,0.8256083
8360.0,0.82763416
8365.0,0.8232103
8370.0,0.8146509
8375.0,0.80529934
8380.0,0.7984964
8385.0,0.7968912
8390.0,0.8003455
8395.0,0.8080279
8400.0,0.8191065
8405.0,0.8324956
8410.0,0.8461072
8415.0,0.8575989
8420.0,0.86463016
8425.0,0.8654974
8430.0,0.86105806
8435.0,0.8528062
8440.0,0.8422381
8445.0,0.83084947
8450.0,0.82013655
8455.0,0.81159997
8460.0,0.80673605
8465.0,0.8063728
8470.0,0.8086513
8475.0,0.81104034
8480.0,0.81101006
8485.0,0.80685306
8490.0,0.8001548
8495.0,0.79332566
8500.0,0.7887735
8505.0,0.78805435
8510.0,0.7893077
8515.0,0.7898183
8520.0,0.7868729
8525.0,0.77883947
8530.0,0.7684146
8535.0,0.7593773
8540.0,0.7555074
8545.0,0.75938135
8550.0,0.76876396
8555.0,0.7802181
8560.0,0.7903059
8565.0,0.79632753
8570.0,0.7985324
8575.0,0.7979057
8580.0,0.79543656
8585.0,0.79220974
8590.0,0.789716
8595.0,0.7895442
8600.0,0.793284
8605.0,0.80172074
8610.0,0.812423
8615.0,0.8221525
8620.0,0.82767504
8625.0,0.82670957
8630.0,0.8208067
8635.0,0.81247294
8640.0,0.8042137
8645.0,0.7978272
8650.0,0.79226947
8655.0,0.7857848
8660.0,0.776619
8665.0,0.7639622
8670.0,0.7507711
8675.0,0.7409476
8680.0,0.7383933
8685.0,0.74560535
8690.0,0.759464
8695.0,0.7754442
8700.0,0.78902304
8705.0,0.7967169
8710.0,0.79920334
8715.0,0.7981994
8720.0,0.79542345
8725.0,0.7924331
8730.0,0.7901406
8735.0,0.78929794
8740.0,0.7906593
8745.0,0.79461265
8750.0,0.8000902
8755.0,0.80566096
8760.0,0.8098949
8765.0,0.81174153
8770.0,0.8116736
8775.0,0.8105437
8780.0,0.80920523
8785.0,0.8080966
8790.0,0.8060038
8795.0,0.80129534
8800.0,0.79234064
8805.0,0.77863824
8810.0,0.7641913
8815.0,0.7541321
8820.0,0.75359046
8825.0,0.7657818
8830.0,0.7862511
8835.0,0.8086268
8840.0,0.82653695
8845.0,0.8351259
8850.0,0.8355972
8855.0,0.83067274
8860.0,0.82307214
8865.0,0.8151532
8870.0,0.80782413
8875.0,0.8016316
8880.0,0.79712194
8885.0,0.7946389
8890.0,0.7937257
8895.0,0.7937225
8900.0,0.7939704
8905.0,0.79378796
8910.0,0.7924077
8915.0,0.78903943
8920.0,0.7828926
8925.0,0.7740001
8930.0,0.7656877
8935.0,0.7621034
8940.0,0.7673968
8945.0,0.78379834
8950.0,0.8058729
8955.0,0.82626784
8960.0,0.83762944
8965.0,0.8348494
8970.0,0.82179826
8975.0,0.8045892
8980.0,0.7893364
8985.0,0.7807114
8990.0,0.777609
8995.0,0.77748054
9000.0,0.7777767
9005.0,0.7765143
9010.0,0.7739658
9015.0,0.7709705
9020.0,0.76836467
9025.0,0.766955
9030.0,0.76742303
9035.0,0.7704182
9040.0,0.776592
9045.0,0.78589034
9050.0,0.79545045
9055.0,0.8017085
9060.0,0.80109817
9065.0,0.7915536
9070.0,0.7769995
9075.0,0.7628626
9080.0,0.75456655
9085.0,0.75569725
9090.0,0.76247805
9095.0,0.7692925
9100.0,0.77052623
9105.0,0.76249117
9110.0,0.749224
9115.0,0.7366891
9120.0,0.73085076
9125.0,0.73571795
9130.0,0.74747723
9135.0,0.7603582
9140.0,0.7685921
9145.0,0.7679703
9150.0,0.7605382
9155.0,0.74990064
9160.0,0.7396647
9165.0,0.7327022
9170.0,0.7289518
9175.0,0.7276166
9180.0,0.7279005
9185.0,0.7291727
9190.0,0.73146516
9195.0,0.73497427
9200.0,0.7398971
9205.0,0.74612325
9210.0,0.7523191
9215.0,0.75684184
9220.0,0.75805026
9225.0,0.7547564
9230.0,0.7475918
9235.0,0.7376398
9240.0,0.725986
9245.0,0.7138921
9250.0,0.7033346
9255.0,0.6964655
9260.0,0.6954386
9265.0,0.7014398
9270.0,0.7117821
9275.0,0.72280914
9280.0,0.73086715
9285.0,0.7332913
9290.0,0.73137766
9295.0,0.72741205
9300.0,0.72368133
9305.0,0.7221383
9310.0,0.72339654
9315.0,0.72773683
9320.0,0.7354381
9325.0,0.74626064
9330.0,0.7578833
9335.0,0.76746225
9340.0,0.772156
9345.0,0.7700975
9350.0,0.7633257
9355.0,0.7548545
9360.0,0.7476982
9365.0,0.7442096
9370.0,0.7440942
9375.0,0.7463949
9380.0,0.7501567
9385.0,0.7542205
9390.0,0.7566201
9395.0,0.75518674
9400.0,0.74775296
9405.0,0.73319393
9410.0,0.7145556
9415.0,0.6959295
9420.0,0.6814065
9425.0,0.6740252
9430.0,0.6726204
9435.0,0.67497665
9440.0,0.67887765
9445.0,0.6826288
9450.0,0.6866231
9455.0,0.6917725
9460.0,0.6989935
9465.0,0.7086453
9470.0,0.7188812
9475.0,0.72729915
9480.0,0.7314987
9485.0,0.73001784
9490.0,0.72514087
9495.0,0.72009206
9500.0,0.7180941
9505.0,0.72127426
9510.0,0.7273703
9515.0,0.7330229
9520.0,0.73487276
9525.0,0.7308827
9530.0,0.72429246
9535.0,0.71966255
9540.0,0.7215557
9545.0,0.73263514
9550.0,0.7479796
9555.0,0.7607714
9560.0,0.7641913
9565.0,0.753759
9570.0,0.73433936
9575.0,0.7131337
9580.0,0.6973458
9585.0,0.69229037
9590.0,0.69573563
9595.0,0.7035629
9600.0,0.71165365
9605.0,0.7166452
9610.0,0.71819806
9615.0,0.7167278
9620.0,0.7126518
9625.0,0.7064829
9630.0,0.6991228
9635.0,0.6915696
9640.0,0.6848223
9645.0,0.67975223
9650.0,0.6767234
9655.0,0.6759699
9660.0,0.6777281
9665.0,0.6819874
9670.0,0.687748
9675.0,0.69376475
9680.0,0.69879144
9685.0,0.70176625
9690.0,0.7023545
9695.0,0.7004081
9700.0,0.69577575
9705.0,0.68865615
9710.0,0.6806399
9715.0,0.67366433
9720.0,0.6696701
9725.0,0.6701291
9730.0,0.6746527
9735.0,0.6823875
9740.0,0.69247943
9745.0,0.70375437
9750.0,0.7137554
9755.0,0.71970916
9760.0,0.71883863
9765.0,0.7096074
9770.0,0.69543296
9775.0,0.68097043
9780.0,0.67087686
9785.0,0.6686401
9790.0,0.67307365
9795.0,0.68182373
9800.0,0.6925375
9805.0,0.70303684
9810.0,0.7118549
9815.0,0.71770304
9820.0,0.7192895
9825.0,0.7159105
9830.0,0.7092016
9835.0,0.701385
9840.0,0.69468105
9845.0,0.69082755
9850.0,0.68962896
9855.0,0.6904054
9860.0,0.6924786
9865.0,0.69520795
9870.0,0.6981132
9875.0,0.7007501
9880.0,0.70267767
9885.0,0.7035801
9890.0,0.70365536
9895.0,0.70322746
9900.0,0.70262045
9905.0,0.7020665
9910.0,0.70143163
9915.0,0.70048827
9920.0,0.6990082
9925.0,0.69693506
9930.0,0.69489455
9935.0,0.6936821
9940.0,0.6940936
9945.0,0.696535
9950.0,0.6998534
9955.0,0.70250505
9960.0,0.702946
9965.0,0.7001872
9970.0,0.6954542
9975.0,0.69052565
9980.0,0.68718106
9985.0,0.686619
9990.0,0.6877251
9995.0,0.68880504
10000.0,0.6881653
10005.0,0.6847814
10010.0,0.6803086
10015.0,0.67707276
10020.0,0.67739844
10025.0,0.6826043
10030.0,0.68997586
10035.0,0.6957937
10040.0,0.6963362
10045.0,0.6892542
10050.0,0.67768556
10055.0,0.66614145
10060.0,0.65912986
10065.0,0.6597705
10070.0,0.6656121
10075.0,0.67281514
10080.0,0.6775383
10085.0,0.6770204
10090.0,0.6728176
10095.0,0.6675658
10100.0,0.66390216
10105.0,0.66384244
10110.0,0.6669203
10115.0,0.6720493
10120.0,0.6781429
10125.0,0.68402785
10130.0,0.68817836
10135.0,0.688981
10140.0,0.6848223
10145.0,0.6750609
10150.0,0.66292936
10155.0,0.65263206
10160.0,0.6483736
10165.0,0.6528833
10170.0,0.66298497
10175.0,0.67403007
10180.0,0.6813689
10185.0,0.68167245
10190.0,0.6768977
10195.0,0.67031974
10200.0,0.6652169
10205.0,0.664056
10210.0,0.6660654
10215.0,0.66966194
10220.0,0.67326266
10225.0,0.6754487
10230.0,0.6754471
10235.0,0.67264575
10240.0,0.66643435
10245.0,0.6567916
10250.0,0.6460574
10255.0,0.6371625
10260.0,0.6330357
10265.0,0.63560146
10270.0,0.6427537
10275.0,0.65138197
10280.0,0.6583747
10285.0,0.66146487
10290.0,0.6617643
10295.0,0.66122925
10300.0,0.6618142
10305.0,0.66040623
10310.0,0.6617332
10315.0,0.6618085
10320.0,0.6592395
10325.0,0.6533349
10330.0,0.64621776
10335.0,0.6407173
10340.0,0.6396603
10345.0,0.6447541
10350.0,0.6532228
10355.0,0.6611695
10360.0,0.6646974
10365.0,0.66124237
10370.0,0.6535738
10375.0,0.64579237
10380.0,0.6419994
10385.0,0.6449693
10390.0,0.65216905
10395.0,0.65973777
10400.0,0.6638146
10405.0,0.6617259
10410.0,0.6555366
10415.0,0.6484996
10420.0,0.64386564
10425.0,0.6438951
10430.0,0.6468813
10435.0,0.6501228
10440.0,0.65092134
10445.0,0.6474172
10450.0,0.6411231
10455.0,0.63438976
10460.0,0.6295725
10465.0,0.62832236
10470.0,0.6294923
10475.0,0.6312374
10480.0,0.6317087
10485.0,0.62968946
10490.0,0.62647575
10495.0,0.623991
10500.0,0.624162
10505.0,0.62812847
10510.0,0.6338997
10515.0,0.6387023
10520.0,0.6397626
10525.0,0.63532245
10530.0,0.62768906
10535.0,0.62018746
10540.0,0.61614
10545.0,0.61782056
10550.0,0.62329805
10555.0,0.62959373
10560.0,0.6337254
10565.0,0.6336174
10570.0,0.6308169
10575.0,0.6277766
10580.0,0.62694865
10585.0,0.62998235
10590.0,0.63532245
10595.0,0.64061016
10600.0,0.6434884
10605.0,0.64219004
10610.0,0.6373146
10615.0,0.630056
10620.0,0.62160444
10625.0,0.624333
10630.0,0.62384784
10635.0,0.6233635
10640.0,0.62287915
10645.0,0.62239563
10650.0,0.6219113
10655.0,0.62142855
10660.0,0.6209459
10665.0,0.62046313
10670.0,0.6199812
10675.0,0.6194994
10680.0,0.6190183
10685.0,0.61853725
10690.0,0.61805695
10695.0,0.6175767
10700.0,0.6170965
10705.0,0.616617
10710.0,0.6161384
10715.0,0.61565894
10720.0,0.61518115
10725.0,0.61470336
10730.0,0.61422557
10735.0,0.61374855
10740.0,0.6132716
10745.0,0.6127954
10750.0,0.6123193
10755.0,0.6118431
10760.0,0.61136776
10765.0,0.61089325
10770.0,0.6104187
10775.0,0.60994416
10780.0,0.6094704
10785.0,0.6089976
10790.0,0.6085247
10795.0,0.6080518
10800.0,0.6075797
10805.0,0.60710764
10810.0,0.6066364
10815.0,0.6061651
10820.0,0.6056947
10825.0,0.60522425
10830.0,0.60475385
10835.0,0.6042842
10840.0,0.6038154
10845.0,0.6033466
10850.0,0.6028786
10855.0,0.6024106
10860.0,0.60194266
10865.0,0.6014755
10870.0,0.60100836
10875.0,0.600542
10880.0,0.60007644
10885.0,0.5996101
10890.0,0.59914535
10895.0,0.5986806
10900.0,0.59821594
10905.0,0.59775203
10910.0,0.5972882
10915.0,0.5968251
10920.0,0.59636205
10925.0,0.5958989
10930.0,0.5954375
10935.0,0.59497523
10940.0,0.59451383
10945.0,0.5940532
10950.0,0.5935926
10955.0,0.5931328
10960.0,0.59267294
10965.0,0.5922132
10970.0,0.5917542
10975.0,0.591296
10980.0,0.59083784
10985.0,0.5903797
10990.0,0.5899223
10995.0,0.58946586
11000.0,0.58900845
11005.0,0.5885527
11010.0,0.58809704
11015.0,0.58764136
11020.0,0.5871864
11025.0,0.58673155
11030.0,0.5862775
11035.0,0.5858242
11040.0,0.5853701
11045.0,0.5849177
11050.0,0.58446527
11055.0,0.58401287
11060.0,0.58356124
11065.0,0.5831096
11070.0,0.58265877
11075.0,0.582208
11080.0,0.581758
11085.0,0.581308
11090.0,0.5808588
11095.0,0.5804105
11100.0,0.57996136
11105.0,0.57951385
11110.0,0.5790655
11115.0,0.5786187
11120.0,0.5781712
11125.0,0.57772535
11130.0,0.5772786
11135.0,0.57683355
11140.0,0.57638764
11145.0,0.5759434
11150.0,0.5754991
11155.0,0.5750549
11160.0,0.5746115
11165.0,0.57416797
11170.0,0.5737254
11175.0,0.5732827
11180.0,0.572841
11185.0,0.57239914
11190.0,0.5719582
11195.0,0.57151717
11200.0,0.57107705
11205.0,0.5706377
11210.0,0.57019746
11215.0,0.56975895
11220.0,0.56932044
11225.0,0.5688819
11230.0,0.5684442
11235.0,0.5680065
11240.0,0.5675696
11245.0,0.56713355
11250.0,0.5666975
11255.0,0.56626135
11260.0,0.5658261
11265.0,0.56539166
11270.0,0.5649564
11275.0,0.5645228
11280.0,0.5640892
11285.0,0.5636564
11290.0,0.56322354
11295.0,0.56279075
11300.0,0.5623588
11305.0,0.5619276
11310.0,0.56149644
11315.0,0.5610661
11320.0,0.56063575
11325.0,0.5602054
11330.0,0.55977666
11335.0,0.55934715
11340.0,0.5589185
11345.0,0.5584906
11350.0,0.5580635
11355.0,0.5576356
11360.0,0.5572093
11365.0,0.5567831
11370.0,0.5563568
11375.0,0.5559314
11380.0,0.55550593
11385.0,0.5550813
11390.0,0.5546575
11395.0,0.5542337
11400.0,0.55380994
11405.0,0.5533869
11410.0,0.55296475
11415.0,0.55254257
11420.0,0.55212045
11425.0,0.5516991
11430.0,0.55127853
11435.0,0.550858
11440.0,0.5504383
11445.0,0.5500194
11450.0,0.5495997
11455.0,0.54918164
11460.0,0.5487636
11465.0,0.5483455
11470.0,0.5479282
11475.0,0.5475109
11480.0,0.54709446
11485.0,0.5466789
11490.0,0.5462633
11495.0,0.54584765
11500.0,0.5454337
11505.0,0.54501885
11510.0,0.5446057
11515.0,0.5441917
11520.0,0.5437794
11525.0,0.5433662
11530.0,0.5429547
11535.0,0.5425431
11540.0,0.5421316
11545.0,0.5417209
11550.0,0.54131097
11555.0,0.5409011
11560.0,0.5404912
11565.0,0.54008293
11570.0,0.53967386
11575.0,0.5392664
11580.0,0.5388582
11585.0,0.53845155
11590.0,0.5380449
11595.0,0.5376383
11600.0,0.5372325
11605.0,0.53682667
11610.0,0.5364217
11615.0,0.53601754
11620.0,0.5356134
11625.0,0.5352101
11630.0,0.53480667
11635.0,0.53440416
11640.0,0.53400165
11645.0,0.5335999
11650.0,0.533199
11655.0,0.5327981
11660.0,0.5323973
11665.0,0.53199714
11670.0,0.53159785
11675.0,0.5311986
11680.0,0.53080016
11685.0,0.53040177
11690.0,0.53000414
11695.0,0.5296073
11700.0,0.5292105
11705.0,0.5288137
11710.0,0.5284177
11715.0,0.5280226
11720.0,0.52762735
11725.0,0.52723306
11730.0,0.52683866
11735.0,0.52644515
11740.0,0.5260524
11745.0,0.52565974
11750.0,0.525267
11755.0,0.52487516
11760.0,0.52448404
11765.0,0.524093
11770.0,0.5237027
11775.0,0.52331245
11780.0,0.522923
11785.0,0.5225344
11790.0,0.52214575
11795.0,0.5217571
11800.0,0.5213702
11805.0,0.5209824
11810.0,0.5205962
11815.0,0.52021
11820.0,0.51982385
11825.0,0.5194385
11830.0,0.519054
11835.0,0.5186695
11840.0,0.5182857
11845.0,0.517902
11850.0,0.5175191
11855.0,0.5171362
11860.0,0.51675415
11865.0,0.51637286
11870.0,0.5159916
11875.0,0.5156112
11880.0,0.5152307
11885.0,0.5148511
11890.0,0.51447153
11895.0,0.5140927
11900.0,0.51371473
11905.0,0.5133367
11910.0,0.51295954
11915.0,0.51258236
11920.0,0.5122061
11925.0,0.5118297
11930.0,0.51145494
11935.0,0.51107943
11940.0,0.5107047
11945.0,0.5103308
11950.0,0.50995773
11955.0,0.5095839
11960.0,0.5092116
11965.0,0.5088393
11970.0,0.5084679
11975.0,0.50809646
11980.0,0.50772583
11985.0,0.5073552
11990.0,0.50698537
11995.0,0.5066164
12000.0,0.5062474
12005.0,0.5058792
12010.0,0.5055111
12015.0,0.50514376
12020.0,0.50477725
12025.0,0.5044107
12030.0,0.50404495
12035.0,0.5036792
12040.0,0.5033144
12045.0,0.5029495
12050.0,0.50258535
12055.0,0.5022221
12060.0,0.50185883
12065.0,0.50149643
12070.0,0.50113475
12075.0,0.5007732
12080.0,0.5004115
12085.0,0.5000508
12090.0,0.49969077
12095.0,0.49933156
12100.0,0.49897242
12105.0,0.49861324
12110.0,0.49825493
12115.0,0.49789736
12120.0,0.49753982
12125.0,0.49718308
12130.0,0.49682721
12135.0,0.49647132
12140.0,0.49611625
12145.0,0.4957612
12150.0,0.4954069
12155.0,0.49505344
12160.0,0.49470004
12165.0,0.49434742
12170.0,0.4939948
12175.0,0.49364296
12180.0,0.49329117
12185.0,0.49294102
12190.0,0.49259
12195.0,0.49224064
12200.0,0.4918913
12205.0,0.49154192
12210.0,0.4911934
12215.0,0.4908457
12220.0,0.49049884
12225.0,0.4901519
12230.0,0.48980498
12235.0,0.48945895
12240.0,0.4891137
12245.0,0.48876843
12250.0,0.488424
12255.0,0.48808035
12260.0,0.48773673
12265.0,0.48739392
12270.0,0.4870511
12275.0,0.48670912
12280.0,0.48636794
12285.0,0.48602676
12290.0,0.48568645
12295.0,0.4853461
12300.0,0.48500654
12305.0,0.48466784
12310.0,0.48432913
12315.0,0.48399043
12320.0,0.48365334
12325.0,0.48331624
12330.0,0.48297918
12335.0,0.48264292
12340.0,0.48230746
12345.0,0.481972
12350.0,0.48163742
12355.0,0.4813028
12360.0,0.48096898
12365.0,0.48063597
12370.0,0.480303
12375.0,0.4799708
12380.0,0.47963867
12385.0,0.4793073
12390.0,0.47897595
12395.0,0.4786454
12400.0,0.4783157
12405.0,0.477986
12410.0,0.47765708
12415.0,0.47732818
12420.0,0.4770001
12425.0,0.47667205
12430.0,0.4763448
12435.0,0.47601834
12440.0,0.47569185
12445.0,0.47536626
12450.0,0.47504064
12455.0,0.47471583
12460.0,0.47439104
12465.0,0.47406703
12470.0,0.47374386
12475.0,0.4734207
12480.0,0.47309753
12485.0,0.47277597
12490.0,0.47245446
12495.0,0.47213295
12500.0,0.47181222
12505.0,0.4714915
12510.0,0.4711716
12515.0,0.4708525
12520.0,0.47053343
12525.0,0.47021517
12530.0,0.46989688
12535.0,0.4695795
12540.0,0.469262
12545.0,0.4689454
12550.0,0.4686288
12555.0,0.46831298
12560.0,0.467998
12565.0,0.467683
12570.0,0.467368
12575.0,0.46705464
12580.0,0.4667405
12585.0,0.46642795
12590.0,0.46611458
12595.0,0.46580288
12600.0,0.46549115
12605.0,0.46517944
12610.0,0.46486858
12615.0,0.46455845
12620.0,0.46424842
12625.0,0.4639383
12630.0,0.46362904
12635.0,0.46332058
12640.0,0.46301216
12645.0,0.46270454
12650.0,0.46239692
12655.0,0.46209008
12660.0,0.4617833
12665.0,0.4614773
12670.0,0.4611713
12675.0,0.46086615
12680.0,0.46056178
12685.0,0.4602574
12690.0,0.45995307
12695.0,0.45964956
12700.0,0.45934683
12705.0,0.45904413
12710.0,0.45874223
12715.0,0.4584403
12720.0,0.4581384
12725.0,0.45783734
12730.0,0.45753708
12735.0,0.45723683
12740.0,0.45693737
12745.0,0.45663795
12750.0,0.4563393
12755.0,0.4560407
12760.0,0.4557429
12765.0,0.45544508
12770.0,0.4551481
12775.0,0.45485106
12780.0,0.45455492
12785.0,0.45425957
12790.0,0.45396337
12795.0,0.45366883
12800.0,0.45337436
12805.0,0.4530798
12810.0,0.4527861
12815.0,0.45249236
12820.0,0.4521995
12825.0,0.45190737
12830.0,0.4516145
12835.0,0.4513232
12840.0,0.45103192
12845.0,0.4507407
12850.0,0.45045024
12855.0,0.45016062
12860.0,0.4498702
12865.0,0.44958135
12870.0,0.44929257
12875.0,0.44900376
12880.0,0.44871575
12885.0,0.4484278
12890.0,0.44814062
12895.0,0.44785425
12900.0,0.4475679
12905.0,0.44728157
12910.0,0.44699597
12915.0,0.44671047
12920.0,0.44642577
12925.0,0.44614103
12930.0,0.44585717
12935.0,0.44557324
12940.0,0.44529015
12945.0,0.4450071
12950.0,0.44472483
12955.0,0.44444257
12960.0,0.4441611
12965.0,0.44387966
12970.0,0.44359902
12975.0,0.44331843
12980.0,0.4430386
12985.0,0.44275877
12990.0,0.44247895
12995.0,0.44219998
13000.0,0.44192183
13005.0,0.44164366
13010.0,0.4413655
13015.0,0.4410881
13020.0,0.44081157
13025.0,0.44053423
13030.0,0.4402585
13035.0,0.4399828
13040.0,0.43970707
13045.0,0.43943217
13050.0,0.43915728
13055.0,0.43888322
13060.0,0.43860912
13065.0,0.43833506
13070.0,0.4380626
13075.0,0.43778932
13080.0,0.4375169
13085.0,0.43724528
13090.0,0.43697366
13095.0,0.43670198
13100.0,0.4364312
13105.0,0.4361604
13110.0,0.43589038
13115.0,0.4356204
13120.0,0.43535122
13125.0,0.43508208
13130.0,0.4348129
13135.0,0.43454537
13140.0,0.43427703
13145.0,0.4340095
13150.0,0.43374196
13155.0,0.4334752
13160.0,0.4332085
13165.0,0.4329426
13170.0,0.43267673
13175.0,0.43241164
13180.0,0.43214655
13185.0,0.4318823
13190.0,0.431618
13195.0,0.43135375
13200.0,0.43109033
13205.0,0.43082684
13210.0,0.43056422
13215.0,0.43030158
13220.0,0.43003982
13225.0,0.42977798
13230.0,0.42951617
13235.0,0.42925516
13240.0,0.428995
13245.0,0.428734
13250.0,0.42847466
13255.0,0.42821452
13260.0,0.42795512
13265.0,0.42769662
13270.0,0.42743805
13275.0,0.42717952
13280.0,0.42692184
13285.0,0.4266641
13290.0,0.42640722
13295.0,0.42615032
13300.0,0.4258942
13305.0,0.4256381
13310.0,0.42538205
13315.0,0.42512676
13320.0,0.42487153
13325.0,0.42461708
13330.0,0.42436266
13335.0,0.4241082
13340.0,0.42385456
13345.0,0.42360094
13350.0,0.42334813
13355.0,0.42309535
13360.0,0.4228433
13365.0,0.42259133
13370.0,0.42233932
13375.0,0.42208818
13380.0,0.42183697
13385.0,0.42158663
13390.0,0.4213363
13395.0,0.42108595
13400.0,0.42083642
13405.0,0.42058766
13410.0,0.42033812
13415.0,0.42008942
13420.0,0.41984153
13425.0,0.4195936
13430.0,0.41934574
13435.0,0.41909865
13440.0,0.41885155
13445.0,0.41860446
13450.0,0.41835824
13455.0,0.41811275
13460.0,0.41786647
13465.0,0.41762105
13470.0,0.41737643
13475.0,0.41713178
13480.0,0.41688716
13485.0,0.41664335
13490.0,0.41639957
13495.0,0.41615573
13500.0,0.41591275
13505.0,0.41567057
13510.0,0.41542763
13515.0,0.4151854
13520.0,0.41494405
13525.0,0.41470188
13530.0,0.41446137
13535.0,0.41421998
13540.0,0.41397947
13545.0,0.41373974
13550.0,0.41349924
13555.0,0.4132603
13560.0,0.41302058
13565.0,0.4127817
13570.0,0.4125428
13575.0,0.4123047
13580.0,0.41206664
13585.0,0.41182855
13590.0,0.41159126
13595.0,0.411354
13600.0,0.41111755
13605.0,0.41088113
13610.0,0.41064468
13615.0,0.41040903
13620.0,0.4101734
13625.0,0.40993777
13630.0,0.40970296
13635.0,0.40946814
13640.0,0.40923417
13645.0,0.40900016
13650.0,0.40876618
13655.0,0.4085322
13660.0,0.40829903
13665.0,0.40806666
13670.0,0.4078343
13675.0,0.40760195
13680.0,0.40736958
13685.0,0.40713808
13690.0,0.40690655
13695.0,0.40667582
13700.0,0.4064451
13705.0,0.4062144
13710.0,0.40598366
13715.0,0.40575373
13720.0,0.40552467
13725.0,0.40529475
13730.0,0.4050657
13735.0,0.4048374
13740.0,0.40460917
13745.0,0.4043809
13750.0,0.40415263
13755.0,0.40392518
13760.0,0.40369773
13765.0,0.4034711
13770.0,0.40324366
13775.0,0.40301785
13780.0,0.40279123
13785.0,0.40256542
13790.0,0.4023396
13795.0,0.4021146
13800.0,0.40188962
13805.0,0.4016646
13810.0,0.40144044
13815.0,0.40121546
13820.0,0.40099213
13825.0,0.40076795
13830.0,0.40054455
13835.0,0.40032205
13840.0,0.40009868
13845.0,0.39987615
13850.0,0.3996536
13855.0,0.39943188
13860.0,0.39921016
13865.0,0.39898846
13870.0,0.39876753
13875.0,0.39854664
13880.0,0.39832574
13885.0,0.39810568
13890.0,0.39788556
13895.0,0.3976655
13900.0,0.39744624
13905.0,0.39722696
13910.0,0.3970077
13915.0,0.39678845
13920.0,0.39657
13925.0,0.39635155
13930.0,0.3961339
13935.0,0.39591628
13940.0,0.39569864
13945.0,0.39548185
13950.0,0.3952642
13955.0,0.3950474
13960.0,0.39483142
13965.0,0.3946154
13970.0,0.39439943
13975.0,0.39418346
13980.0,0.39396825
13985.0,0.39375308
13990.0,0.3935379
13995.0,0.39332357
14000.0,0.3931092
14005.0,0.39289483
14010.0,0.39268133
14015.0,0.39246693
14020.0,0.39225423
14025.0,0.3920407
14030.0,0.39182797
14035.0,0.39161524
14040.0,0.39140254
14045.0,0.39119065
14050.0,0.39097872
14055.0,0.39076683
14060.0,0.39055574
14065.0,0.39034465
14070.0,0.3901336
14075.0,0.38992333
14080.0,0.38971224
14085.0,0.3895028
14090.0,0.3892925
14095.0,0.38908306
14100.0,0.3888736
14105.0,0.3886642
14110.0,0.38845474
14115.0,0.3882461
14120.0,0.38803747
14125.0,0.38782966
14130.0,0.38762105
14135.0,0.38741323
14140.0,0.38720623
14145.0,0.38699844
14150.0,0.3867914
14155.0,0.38658443
14160.0,0.38637826
14165.0,0.3861721
14170.0,0.38596508
14175.0,0.38575974
14180.0,0.38555357
14185.0,0.3853482
14190.0,0.38514286
14195.0,0.38493833
14200.0,0.38473296
14205.0,0.38452843
14210.0,0.38432387
14215.0,0.38412017
14220.0,0.38391644
14225.0,0.3837127
14230.0,0.383509
14235.0,0.38330612
14240.0,0.38310236
14245.0,0.3829003
14250.0,0.3826974
14255.0,0.3824953
14260.0,0.38229322
14265.0,0.38209113
14270.0,0.38188905
14275.0,0.3816878
14280.0,0.3814865
14285.0,0.38128525
14290.0,0.3810848
14295.0,0.38088354
14300.0,0.3806831
14305.0,0.38048348
14310.0,0.38028303
14315.0,0.3800834
14320.0,0.37988377
14325.0,0.37968415
14330.0,0.3794853
14335.0,0.37928653
14340.0,0.37908772
14345.0,0.3788889
14350.0,0.3786909
14355.0,0.37849292
14360.0,0.37829491
14365.0,0.3780969
14370.0,0.37789977
14375.0,0.37770176
14380.0,0.3775046
14385.0,0.37730822
14390.0,0.37711105
14395.0,0.37691468
14400.0,0.37671834
14405.0,0.3765228
14410.0,0.37632644
14415.0,0.3761309
14420.0,0.37593538
14425.0,0.3757398
14430.0,0.3755451
14435.0,0.37534958
14440.0,0.37515485
14445.0,0.37496093
14450.0,0.37476623
14455.0,0.37457234
14460.0,0.37437844
14465.0,0.37418452
14470.0,0.37399063
14475.0,0.37379754
14480.0,0.37360445
14485.0,0.37341136
14490.0,0.37321827
14495.0,0.3730252
14500.0,0.37283292
14505.0,0.37264067
14510.0,0.3724484
14515.0,0.37225696
14520.0,0.3720647
14525.0,0.37187323
14530.0,0.37168178
14535.0,0.37149116
14540.0,0.3712997
14545.0,0.37110907
14550.0,0.37091845
14555.0,0.37072784
14560.0,0.37053803
14565.0,0.37034738
14570.0,0.37015757
14575.0,0.36996776
14580.0,0.36977795
14585.0,0.36958897
14590.0,0.36939996
14595.0,0.369211
14600.0,0.36902198
14605.0,0.368833
14610.0,0.3686448
14615.0,0.36845583
14620.0,0.36826763
14625.0,0.36807945
14630.0,0.36789212
14635.0,0.3677039
14640.0,0.36751658
14645.0,0.36732924
14650.0,0.36714187
14655.0,0.3669553
14660.0,0.36676797
14665.0,0.36658144
14670.0,0.36639488
14675.0,0.36620834
14680.0,0.36602262
14685.0,0.36583608
14690.0,0.3656504
14695.0,0.36546466
14700.0,0.36527893
14705.0,0.3650932
14710.0,0.3649083
14715.0,0.3647234
14720.0,0.3645385
14725.0,0.3643536
14730.0,0.3641687
14735.0,0.36398378
14740.0,0.36379972
14745.0,0.36361563
14750.0,0.36343154
14755.0,0.36324745
14760.0,0.36306417
14765.0,0.3628801
14770.0,0.36269683
14775.0,0.36251357
14780.0,0.36233032
14785.0,0.36214784
14790.0,0.36196458
14795.0,0.36178216
14800.0,0.3615997
14805.0,0.36141723
14810.0,0.3612348
14815.0,0.36105236
14820.0,0.36087072
14825.0,0.3606891
14830.0,0.36050665
14835.0,0.36032584
14840.0,0.36014423
14845.0,0.35996255
14850.0,0.35978177
14855.0,0.35960093
14860.0,0.35941932
14865.0,0.3592393
14870.0,0.35905853
14875.0,0.3588777
14880.0,0.3586977
14885.0,0.3585177
14890.0,0.3583377
14895.0,0.35815772
14900.0,0.35797772
14905.0,0.35779774
14910.0,0.35761857
14915.0,0.3574394
14920.0,0.3572594
14925.0,0.35708022
14930.0,0.35690185
14935.0,0.35672268
14940.0,0.3565435
14945.0,0.35636517
14950.0,0.3561868
14955.0,0.35600844
14960.0,0.35583007
14965.0,0.35565174
14970.0,0.3554742
14975.0,0.35529584
14980.0,0.3551183
14985.0,0.35494074
14990.0,0.3547632
14995.0,0.35458568
15000.0,0.35440812
15005.0,0.35423142
15010.0,0.35405385
15015.0,0.35387716
15020.0,0.35370043
15025.0,0.3535237
15030.0,0.35334697
15035.0,0.35317028
15040.0,0.35299355
15045.0,0.35281765
15050.0,0.35264173
15055.0,0.35246584
15060.0,0.3522891
15065.0,0.35211405
15070.0,0.35193816
15075.0,0.35176224
15080.0,0.35158715
15085.0,0.35141125
15090.0,0.35123616
15095.0,0.35106108
15100.0,0.350886
15105.0,0.3507109
15110.0,0.3505358
15115.0,0.35036156
15120.0,0.35018647
15125.0,0.35001218
15130.0,0.34983712
15135.0,0.34966287
15140.0,0.3494886
15145.0,0.34931433
15150.0,0.34914088
15155.0,0.3489666
15160.0,0.34879234
15165.0,0.3486189
15170.0,0.34844545
15175.0,0.348272
15180.0,0.3480977
15185.0,0.3479243
15190.0,0.34775165
15195.0,0.3475782
15200.0,0.34740475
15205.0,0.3472321
15210.0,0.34705868
15215.0,0.34688604
15220.0,0.34671342
15225.0,0.34654078
15230.0,0.34636816
15235.0,0.34619552
15240.0,0.3460229
15245.0,0.3458511
15250.0,0.34567845
15255.0,0.34550664
15260.0,0.345334
15265.0,0.3451622
15270.0,0.34499037
15275.0,0.34481856
15280.0,0.34464675
15285.0,0.34447494
15290.0,0.34430313
15295.0,0.34413132
15300.0,0.34396031
15305.0,0.3437885
15310.0,0.34361753
15315.0,0.34344652
15320.0,0.34327552
15325.0,0.34310374
15330.0,0.34293273
15335.0,0.34276256
15340.0,0.34259155
15345.0,0.34242058
15350.0,0.34224957
15355.0,0.3420794
15360.0,0.3419084
15365.0,0.34173822
15370.0,0.34156725
15375.0,0.34139705
15380.0,0.34122688
15385.0,0.3410567
15390.0,0.34088653
15395.0,0.34071636
15400.0,0.3405462
15405.0,0.340376
15410.0,0.34020665
15415.0,0.34003645
15420.0,0.33986628
15425.0,0.33969694
15430.0,0.33952758
15435.0,0.3393574
15440.0,0.33918804
15445.0,0.3390187
15450.0,0.33884934
15455.0,0.33867997
15460.0,0.3385106
15465.0,0.33834124
15470.0,0.3381719
15475.0,0.33800253
15480.0,0.33783317
15485.0,0.33766463
15490.0,0.33749527
15495.0,0.33732674
15500.0,0.3371574
15505.0,0.33698884
15510.0,0.3368195
15515.0,0.33665097
15520.0,0.3364824
15525.0,0.33631387
15530.0,0.3361453
15535.0,0.33597678
15540.0,0.33580825
15545.0,0.33563972
15550.0,0.33547118
15555.0,0.33530262
15560.0,0.3351341
15565.0,0.33496636
15570.0,0.33479783
15575.0,0.3346293
15580.0,0.33446157
15585.0,0.33429304
15590.0,0.3341253
15595.0,0.33395678
15600.0,0.33378905
15605.0,0.33362052
15610.0,0.3334528
15615.0,0.33328506
15620.0,0.33311734
15625.0,0.3329488
15630.0,0.3327811
15635.0,0.33261338
15640.0,0.33244565
15645.0,0.33227792
15650.0,0.3321102
15655.0,0.33194247
15660.0,0.33177477
15665.0,0.33160704
15670.0,0.33143932
15675.0,0.33127242
15680.0,0.3311047
15685.0,0.33093697
15690.0,0.33076924
15695.0,0.33060235
15700.0,0.33043462
15705.0,0.33026692
15710.0,0.3301
15715.0,0.32993227
15720.0,0.32976454
15725.0,0.32959765
15730.0,0.32942995
15735.0,0.32926303
15740.0,0.3290953
15745.0,0.3289284
15750.0,0.32876152
15755.0,0.3285938
15760.0,0.3284269
15765.0,0.32825917
15770.0,0.32809225
15775.0,0.32792535
15780.0,0.32775763
15785.0,0.32759073
15790.0,0.3274238
15795.0,0.32725608
15800.0,0.3270892
15805.0,0.3269223
15810.0,0.3267554
15815.0,0.32658768
15820.0,0.32642075
15825.0,0.32625386
15830.0,0.32608697
15835.0,0.32591927
15840.0,0.32575232
15845.0,0.32558542
15850.0,0.32541853
15855.0,0.32525164
15860.0,0.3250839
15865.0,0.324917
15870.0,0.3247501
15875.0,0.3245832
15880.0,0.3244163
15885.0,0.32424858
15890.0,0.32408166
15895.0,0.32391477
15900.0,0.32374787
15905.0,0.32358098
15910.0,0.32341322
15915.0,0.32324633
15920.0,0.32307944
15925.0,0.32291254
15930.0,0.32274482
15935.0,0.3225779
15940.0,0.322411
15945.0,0.3222441
15950.0,0.32207638
15955.0,0.3219095
15960.0,0.32174256
15965.0,0.32157484
15970.0,0.32140794
15975.0,0.32124025
15980.0,0.32107332
15985.0,0.32090643
15990.0,0.3207387
15995.0,0.3205718
16000.0,0.32040408
16005.0,0.3202372
16010.0,0.32006946
16015.0,0.31990254
16020.0,0.31973484
16025.0,0.31956792
16030.0,0.31940022
16035.0,0.3192325
16040.0,0.31906557
16045.0,0.31889784
16050.0,0.31873015
16055.0,0.31856325
16060.0,0.31839553
16065.0,0.3182278
16070.0,0.31806007
16075.0,0.31789234
16080.0,0.31772462
16085.0,0.31755692
16090.0,0.3173892
16095.0,0.31722146
16100.0,0.31705377
16105.0,0.31688604
16110.0,0.31671828
16115.0,0.31655058
16120.0,0.31638205
16125.0,0.31621432
16130.0,0.3160466
16135.0,0.3158789
16140.0,0.31571034
16145.0,0.31554264
16150.0,0.31537408
16155.0,0.31520635
16160.0,0.31503782
16165.0,0.31486925
16170.0,0.31470156
16175.0,0.31453303
16180.0,0.31436446
16185.0,0.31419593
16190.0,0.3140274
16195.0,0.31385887
16200.0,0.3136903
16205.0,0.31352177
16210.0,0.31335324
16215.0,0.3131847
16220.0,0.31301618
16225.0,0.3128476
16230.0,0.31267828
16235.0,0.31250972
16240.0,0.31234038
16245.0,0.31217182
16250.0,0.31200248
16255.0,0.31183392
16260.0,0.31166458
16265.0,0.3114952
16270.0,0.31132585
16275.0,0.31115648
16280.0,0.31098714
16285.0,0.31081778
16290.0,0.31064844
16295.0,0.31047907
16300.0,0.31030974
16305.0,0.31014037
16310.0,0.30997017
16315.0,0.30980083
16320.0,0.30963063
16325.0,0.30946046
16330.0,0.3092911
16335.0,0.30912095
16340.0,0.30895078
16345.0,0.30878058
16350.0,0.3086104
16355.0,0.30844024
16360.0,0.30827004
16365.0,0.3080999
16370.0,0.30792972
16375.0,0.30775872
16380.0,0.30758852
16385.0,0.30741754
16390.0,0.30724737
16395.0,0.30707636
16400.0,0.3069054
16405.0,0.30673438
16410.0,0.3065642
16415.0,0.3063932
16420.0,0.30622223
16425.0,0.30605122
16430.0,0.3058794
16435.0,0.3057084
16440.0,0.30553743
16445.0,0.30536646
16450.0,0.30519462
16455.0,0.3050236
16460.0,0.30485183
16465.0,0.30468
16470.0,0.304509
16475.0,0.3043372
16480.0,0.3041654
16485.0,0.30399358
16490.0,0.30382177
16495.0,0.30364993
16500.0,0.30347815
16505.0,0.30330634
16510.0,0.3031345
16515.0,0.3029619
16520.0,0.30279008
16525.0,0.30261746
16530.0,0.30244562
16535.0,0.302273
16540.0,0.3021012
16545.0,0.30192855
16550.0,0.30175593
16555.0,0.3015833
16560.0,0.30141068
16565.0,0.30123803
16570.0,0.30106542
16575.0,0.30089277
16580.0,0.30072016
16585.0,0.3005475
16590.0,0.3003741
16595.0,0.30020145
16600.0,0.30002883
16605.0,0.29985535
16610.0,0.29968274
16615.0,0.29950926
16620.0,0.29933584
16625.0,0.2991632
16630.0,0.29898974
16635.0,0.29881632
16640.0,0.29864284
16645.0,0.29846942
16650.0,0.29829594
16655.0,0.29812253
16660.0,0.29794827
16665.0,0.2977748
16670.0,0.29760137
16675.0,0.2974279
16680.0,0.29725364
16685.0,0.2970802
16690.0,0.2969059
16695.0,0.29673165
16700.0,0.2965582
16705.0,0.29638395
16710.0,0.29620966
16715.0,0.2960354
16720.0,0.29586112
16725.0,0.2956877
16730.0,0.29551262
16735.0,0.29533833
16740.0,0.29516408
16745.0,0.29498982
16750.0,0.29481554
16755.0,0.29464045
16760.0,0.2944662
16765.0,0.2942919
16770.0,0.29411682
16775.0,0.29394257
16780.0,0.29376748
16785.0,0.2935924
16790.0,0.29341814
16795.0,0.29324305
16800.0,0.29306796
16805.0,0.29289287
16810.0,0.29271778
16815.0,0.2925427
16820.0,0.29236764
16825.0,0.29219255
16830.0,0.29201746
16835.0,0.29184237
16840.0,0.29166648
16845.0,0.2914914
16850.0,0.2913163
16855.0,0.2911404
16860.0,0.29096532
16865.0,0.2907894
16870.0,0.2906135
16875.0,0.2904384
16880.0,0.29026252
16885.0,0.29008663
16890.0,0.28991154
16895.0,0.28973562
16900.0,0.28955972
16905.0,0.28938383
16910.0,0.28920794
16915.0,0.289032
16920.0,0.28885612
16925.0,0.2886794
16930.0,0.2885035
16935.0,0.2883276
16940.0,0.28815168
16945.0,0.28797495
16950.0,0.28779906
16955.0,0.28762233
16960.0,0.28744644
16965.0,0.2872697
16970.0,0.28709382
16975.0,0.2869171
16980.0,0.28674036
16985.0,0.28656366
16990.0,0.28638774
16995.0,0.28621104
17000.0,0.28603432
17005.0,0.2858576
17010.0,0.28568086
17015.0,0.28550416
17020.0,0.28532743
17025.0,0.2851499
17030.0,0.28497317
17035.0,0.28479645
17040.0,0.28461972
17045.0,0.2844422
17050.0,0.28426546
17055.0,0.28408876
17060.0,0.2839112
17065.0,0.28373447
17070.0,0.28355694
17075.0,0.2833794
17080.0,0.28320268
17085.0,0.28302515
17090.0,0.28284758
17095.0,0.28267005
17100.0,0.28249332
17105.0,0.2823158
17110.0,0.2821383
17115.0,0.28196073
17120.0,0.2817832
17125.0,0.28160566
17130.0,0.28142813
17135.0,0.28124976
17140.0,0.2810722
17145.0,0.28089467
17150.0,0.28071713
17155.0,0.2805396
17160.0,0.28036126
17165.0,0.2801837
17170.0,0.28000534
17175.0,0.2798278
17180.0,0.27964944
17185.0,0.2794719
17190.0,0.27929354
17195.0,0.2791152
17200.0,0.27893767
17205.0,0.2787593
17210.0,0.27858093
17215.0,0.2784034
17220.0,0.27822503
17225.0,0.2780467
17230.0,0.27786833
17235.0,0.27768996
17240.0,0.2775116
17245.0,0.27733326
17250.0,0.2771549
17255.0,0.27697656
17260.0,0.27679735
17265.0,0.27661902
17270.0,0.27644065
17275.0,0.2762623
17280.0,0.2760831
17285.0,0.27590477
17290.0,0.2757264
17295.0,0.27554724
17300.0,0.27536887
17305.0,0.2751897
17310.0,0.27501133
17315.0,0.27483216
17320.0,0.27465382
17325.0,0.27447462
17330.0,0.27429628
17335.0,0.27411708
17340.0,0.27393794
17345.0,0.27375874
17350.0,0.27358037
17355.0,0.27340123
17360.0,0.27322206
17365.0,0.27304286
17370.0,0.2728637
17375.0,0.2726845
17380.0,0.27250534
17385.0,0.27232614
17390.0,0.272147
17395.0,0.27196783
17400.0,0.27178863
17405.0,0.27160946
17410.0,0.27142948
17415.0,0.27125028
17420.0,0.2710711
17425.0,0.27089196
17430.0,0.27071196
17435.0,0.27053276
17440.0,0.27035278
17445.0,0.2701736
17450.0,0.2699944
17455.0,0.26981443
17460.0,0.26963526
17465.0,0.26945525
17470.0,0.2692761
17475.0,0.2690961
17480.0,0.2689161
17485.0,0.26873693
17490.0,0.26855692
17495.0,0.26837695
17500.0,0.26819694
17505.0,0.26801777
17510.0,0.2678378
17515.0,0.2676578
17520.0,0.26747778
17525.0,0.2672978
17530.0,0.2671178
17535.0,0.26693863
17540.0,0.26675865
17545.0,0.26657864
17550.0,0.26639867
17555.0,0.26621866
17560.0,0.26603785
17565.0,0.26585785
17570.0,0.26567784
17575.0,0.26549786
17580.0,0.26531786
17585.0,0.26513788
17590.0,0.26495788
17595.0,0.26477706
17600.0,0.2645971
17605.0,0.26441708
17610.0,0.26423627
17615.0,0.26405627
17620.0,0.2638763
17625.0,0.26369548
17630.0,0.26351547
17635.0,0.26333466
17640.0,0.26315466
17645.0,0.26297468
17650.0,0.26279387
17655.0,0.26261306
17660.0,0.26243305
17665.0,0.26225227
17670.0,0.26207227
17675.0,0.26189145
17680.0,0.26171145
17685.0,0.26153064
17690.0,0.26134983
17695.0,0.26116982
17700.0,0.26098904
17705.0,0.2608082
17710.0,0.26062742
17715.0,0.2604474
17720.0,0.2602666
17725.0,0.2600858
17730.0,0.25990498
17735.0,0.25972417
17740.0,0.25954336
17745.0,0.25936252
17750.0,0.25918254
17755.0,0.25900173
17760.0,0.25882092
17765.0,0.2586401
17770.0,0.2584593
17775.0,0.2582785
17780.0,0.25809768
17785.0,0.25791687
17790.0,0.25773606
17795.0,0.25755525
17800.0,0.25737363
17805.0,0.2571928
17810.0,0.25701198
17815.0,0.25683117
17820.0,0.25665036
17825.0,0.25646955
17830.0,0.25628874
17835.0,0.2561071
17840.0,0.2559263
17845.0,0.25574547
17850.0,0.2555647
17855.0,0.25538304
17860.0,0.25520223
17865.0,0.25502142
17870.0,0.2548406
17875.0,0.25465897
17880.0,0.2544782
17885.0,0.25429735
17890.0,0.25411573
17895.0,0.2539349
17900.0,0.2537541
17905.0,0.25357246
17910.0,0.25339165
17915.0,0.25321004
17920.0,0.25302923
17925.0,0.25284842
17930.0,0.25266677
17935.0,0.25248596
17940.0,0.25230432
17945.0,0.25212353
17950.0,0.2519419
17955.0,0.25176108
17960.0,0.25157943
17965.0,0.25139865
17970.0,0.251217
17975.0,0.2510362
17980.0,0.25085458
17985.0,0.25067294
17990.0,0.25049213
17995.0,0.25031048
18000.0,0.2501297
18005.0,0.24994807
18010.0,0.24976724
18015.0,0.24958561
18020.0,0.24940398
18025.0,0.24922316
18030.0,0.24904153
18035.0,0.24885991
18040.0,0.2486791
18045.0,0.24849749
18050.0,0.24831586
18055.0,0.24813503
18060.0,0.2479534
18065.0,0.24777177
18070.0,0.24759094
18075.0,0.24740933
18080.0,0.2472277
18085.0,0.2470469
18090.0,0.24686527
18095.0,0.24668361
18100.0,0.24650198
18105.0,0.24632119
18110.0,0.24613956
18115.0,0.24595794
18120.0,0.24577712
18125.0,0.24559548
18130.0,0.24541385
18135.0,0.24523222
18140.0,0.2450514
18145.0,0.24486978
18150.0,0.24468815
18155.0,0.24450652
18160.0,0.24432573
18165.0,0.24414407
18170.0,0.24396244
18175.0,0.2437808
18180.0,0.24359919
18185.0,0.24341838
18190.0,0.24323677
18195.0,0.24305514
18200.0,0.24287347
18205.0,0.24269268
18210.0,0.24251105
18215.0,0.24232942
18220.0,0.2421478
18225.0,0.24196698
18230.0,0.24178535
18235.0,0.24160372
18240.0,0.24142209
18245.0,0.24124046
18250.0,0.24105965
18255.0,0.24087802
18260.0,0.24069639
18265.0,0.24051476
18270.0,0.24033396
18275.0,0.2401523
18280.0,0.23997068
18285.0,0.23978905
18290.0,0.23960826
18295.0,0.23942663
18300.0,0.239245
18305.0,0.23906334
18310.0,0.23888254
18315.0,0.23870091
18320.0,0.23851928
18325.0,0.23833767
18330.0,0.23815684
18335.0,0.23797521
18340.0,0.23779358
18345.0,0.23761275
18350.0,0.23743112
18355.0,0.23724951
18360.0,0.2370687
18365.0,0.23688708
18370.0,0.23670545
18375.0,0.23652382
18380.0,0.236343
18385.0,0.23616137
18390.0,0.23597974
18395.0,0.23579893
18400.0,0.2356173
18405.0,0.2354365
18410.0,0.23525487
18415.0,0.23507324
18420.0,0.23489241
18425.0,0.23471078
18430.0,0.23452915
18435.0,0.23434833
18440.0,0.23416671
18445.0,0.2339859
18450.0,0.23380429
18455.0,0.23362346
18460.0,0.23344183
18465.0,0.233261
18470.0,0.23307937
18475.0,0.23289858
18480.0,0.23271695
18485.0,0.23253612
18490.0,0.2323545
18495.0,0.2321737
18500.0,0.23199208
18505.0,0.23181126
18510.0,0.23162962
18515.0,0.2314488
18520.0,0.23126717
18525.0,0.23108637
18530.0,0.23090555
18535.0,0.23072392
18540.0,0.23054312
18545.0,0.2303623
18550.0,0.23018067
18555.0,0.22999986
18560.0,0.22981904
18565.0,0.22963743
18570.0,0.2294566
18575.0,0.2292758
18580.0,0.22909498
18585.0,0.22891335
18590.0,0.22873256
18595.0,0.22855173
18600.0,0.22837093
18605.0,0.2281893
18610.0,0.22800848
18615.0,0.22782765
18620.0,0.22764686
18625.0,0.22746603
18630.0,0.22728524
18635.0,0.22710441
18640.0,0.22692361
18645.0,0.22674279
18650.0,0.226562
18655.0,0.22638117
18660.0,0.22620037
18665.0,0.22601955
18670.0,0.22583875
18675.0,0.22565793
18680.0,0.22547713
18685.0,0.2252963
18690.0,0.22511551
18695.0,0.22493468
18700.0,0.22475386
18705.0,0.22457306
18710.0,0.22439305
18715.0,0.22421224
18720.0,0.22403143
18725.0,0.22385062
18730.0,0.22367062
18735.0,0.22348982
18740.0,0.223309
18745.0,0.2231282
18750.0,0.22294821
18755.0,0.22276738
18760.0,0.22258739
18765.0,0.2224066
18770.0,0.22222577
18775.0,0.22204578
18780.0,0.22186497
18785.0,0.22168498
18790.0,0.22150415
18795.0,0.22132416
18800.0,0.22114417
18805.0,0.22096337
18810.0,0.22078338
18815.0,0.22060256
18820.0,0.22042257
18825.0,0.22024256
18830.0,0.22006176
18835.0,0.21988177
18840.0,0.21970178
18845.0,0.21952179
18850.0,0.21934097
18855.0,0.21916097
18860.0,0.21898097
18865.0,0.21880098
18870.0,0.21862099
18875.0,0.218441
18880.0,0.21826099
18885.0,0.21808103
18890.0,0.21790104
18895.0,0.21772105
18900.0,0.21754104
18905.0,0.21736105
18910.0,0.21718106
18915.0,0.21700107
18920.0,0.21682186
18925.0,0.21664187
18930.0,0.21646188
18935.0,0.21628189
18940.0,0.21610272
18945.0,0.21592273
18950.0,0.21574274
18955.0,0.21556357
18960.0,0.21538357
18965.0,0.21520358
18970.0,0.2150244
18975.0,0.2148444
18980.0,0.21466523
18985.0,0.21448605
18990.0,0.21430606
18995.0,0.21412688
19000.0,0.2139469
19005.0,0.21376772
19010.0,0.21358854
19015.0,0.21340936
19020.0,0.21322937
19025.0,0.21305019
19030.0,0.21287102
19035.0,0.21269183
19040.0,0.21251267
19045.0,0.2123335
19050.0,0.21215431
19055.0,0.21197514
19060.0,0.21179596
19065.0,0.2116168
19070.0,0.21143763
19075.0,0.21125844
19080.0,0.21107927
19085.0,0.21090008
19090.0,0.21072172
19095.0,0.21054256
19100.0,0.21036339
19105.0,0.2101842
19110.0,0.21000583
19115.0,0.20982668
19120.0,0.20964831
19125.0,0.20946915
19130.0,0.20929079
19135.0,0.2091116
19140.0,0.20893323
19145.0,0.20875491
19150.0,0.20857571
19155.0,0.20839736
19160.0,0.20821899
19165.0,0.20803984
19170.0,0.20786147
19175.0,0.2076831
19180.0,0.20750475
19185.0,0.20732641
19190.0,0.20714805
19195.0,0.2069697
19200.0,0.20679133
19205.0,0.20661297
19210.0,0.20643461
19215.0,0.20625626
19220.0,0.20607789
19225.0,0.20590036
19230.0,0.20572199
19235.0,0.20554364
19240.0,0.2053661
19245.0,0.20518774
19250.0,0.2050102
19255.0,0.20483185
19260.0,0.20465432
19265.0,0.20447595
19270.0,0.20429842
19275.0,0.20412005
19280.0,0.20394252
19285.0,0.20376498
19290.0,0.20358744
19295.0,0.20340909
19300.0,0.20323154
19305.0,0.20305401
19310.0,0.20287646
19315.0,0.20269893
19320.0,0.2025214
19325.0,0.20234385
19330.0,0.2021663
19335.0,0.20198959
19340.0,0.20181204
19345.0,0.20163451
19350.0,0.20145698
19355.0,0.20128025
19360.0,0.20110272
19365.0,0.20092517
19370.0,0.20074846
19375.0,0.20057091
19380.0,0.2003942
19385.0,0.20021747
19390.0,0.20003992
19395.0,0.19986321
19400.0,0.19968648
19405.0,0.19950977
19410.0,0.19933222
19415.0,0.19915551
19420.0,0.19897878
19425.0,0.19880207
19430.0,0.19862534
19435.0,0.19844863
19440.0,0.19827272
19445.0,0.198096
19450.0,0.19791928
19455.0,0.19774257
19460.0,0.19756666
19465.0,0.19738995
19470.0,0.19721322
19475.0,0.19703731
19480.0,0.19686058
19485.0,0.19668469
19490.0,0.1965088
19495.0,0.19633207
19500.0,0.19615616
19505.0,0.19598025
19510.0,0.19580436
19515.0,0.19562763
19520.0,0.19545174
19525.0,0.19527584
19530.0,0.19509992
19535.0,0.19492485
19540.0,0.19474894
19545.0,0.19457303
19550.0,0.19439714
19555.0,0.19422123
19560.0,0.19404615
19565.0,0.19387025
19570.0,0.19369516
19575.0,0.19351926
19580.0,0.19334418
19585.0,0.19316827
19590.0,0.1929932
19595.0,0.1928181
19600.0,0.19264302
19605.0,0.19246711
19610.0,0.19229203
19615.0,0.19211695
19620.0,0.19194186
19625.0,0.19176678
19630.0,0.19159168
19635.0,0.19141743
19640.0,0.19124234
19645.0,0.19106726
19650.0,0.19089216
19655.0,0.1907179
19660.0,0.19054282
19665.0,0.19036856
19670.0,0.19019346
19675.0,0.1900192
19680.0,0.18984494
19685.0,0.18966985
19690.0,0.18949558
19695.0,0.18932131
19700.0,0.18914706
19705.0,0.18897279
19710.0,0.18879852
19715.0,0.18862425
19720.0,0.18844998
19725.0,0.18827653
19730.0,0.18810228
19735.0,0.187928
19740.0,0.18775456
19745.0,0.18758029
19750.0,0.18740602
19755.0,0.18723257
19760.0,0.18705912
19765.0,0.18688485
19770.0,0.18671142
19775.0,0.18653797
19780.0,0.18636452
19785.0,0.18619107
19790.0,0.18601762
19795.0,0.18584417
19800.0,0.18567072
19805.0,0.18549727
19810.0,0.18532382
19815.0,0.18515119
19820.0,0.18497774
19825.0,0.18480511
19830.0,0.18463166
19835.0,0.18445903
19840.0,0.18428558
19845.0,0.18411295
19850.0,0.18394032
19855.0,0.18376769
19860.0,0.18359424
19865.0,0.18342161
19870.0,0.18324898
19875.0,0.18307717
19880.0,0.18290454
19885.0,0.18273191
19890.0,0.18255928
19895.0,0.18238747
19900.0,0.18221484
19905.0,0.18204303
19910.0,0.1818704
19915.0,0.18169859
19920.0,0.18152596
19925.0,0.18135415
19930.0,0.18118232
19935.0,0.18101051
19940.0,0.18083872
19945.0,0.18066691
19950.0,0.18049508
19955.0,0.18032327
19960.0,0.18015146
19965.0,0.17998047
19970.0,0.17980865
19975.0,0.17963685
19980.0,0.17946585
19985.0,0.17929485
19990.0,0.17912304
19995.0,0.17895204
20000.0,0.17878106
20005.0,0.17861006
20010.0,0.17843825
20015.0,0.17826726
20020.0,0.17809708
20025.0,0.1779261
20030.0,0.17775509
20035.0,0.1775841
20040.0,0.17741393
20045.0,0.17724293
20050.0,0.17707275
20055.0,0.17690176
20060.0,0.17673159
20065.0,0.17656058
20070.0,0.17639042
20075.0,0.17622024
20080.0,0.17605005
20085.0,0.1758799
20090.0,0.17570971
20095.0,0.17553954
20100.0,0.17537019
20105.0,0.1752
20110.0,0.17502983
20115.0,0.17486046
20120.0,0.17469029
20125.0,0.17452094
20130.0,0.17435157
20135.0,0.1741814
20140.0,0.17401205
20145.0,0.1738427
20150.0,0.17367333
20155.0,0.17350398
20160.0,0.17333461
20165.0,0.17316608
20170.0,0.17299671
20175.0,0.17282736
20180.0,0.17265882
20185.0,0.17248946
20190.0,0.17232092
20195.0,0.17215239
20200.0,0.17198302
20205.0,0.17181449
20210.0,0.17164594
20215.0,0.1714774
20220.0,0.17130886
20225.0,0.17114033
20230.0,0.17097262
20235.0,0.17080407
20240.0,0.17063554
20245.0,0.17046781
20250.0,0.17029926
20255.0,0.17013155
20260.0,0.16996384
20265.0,0.16979529
20270.0,0.16962756
20275.0,0.16945983
20280.0,0.16929212
20285.0,0.16912441
20290.0,0.1689575
20295.0,0.16878977
20300.0,0.16862206
20305.0,0.16845515
20310.0,0.16828743
20315.0,0.16812053
20320.0,0.16795363
20325.0,0.16778591
20330.0,0.167619
20335.0,0.1674521
20340.0,0.16728519
20345.0,0.1671183
20350.0,0.16695221
20355.0,0.16678531
20360.0,0.16661839
20365.0,0.16645232
20370.0,0.16628541
20375.0,0.16611932
20380.0,0.16595325
20385.0,0.16578634
20390.0,0.16562027
20395.0,0.16545416
20400.0,0.16528808
20405.0,0.1651228
20410.0,0.16495673
20415.0,0.16479065
20420.0,0.16462538
20425.0,0.1644593
20430.0,0.16429403
20435.0,0.16412795
20440.0,0.16396268
20445.0,0.16379741
20450.0,0.16363214
20455.0,0.16346687
20460.0,0.16330162
20465.0,0.16313635
20470.0,0.16297108
20475.0,0.16280663
20480.0,0.16264136
20485.0,0.16247691
20490.0,0.16231164
20495.0,0.1621472
20500.0,0.16198276
20505.0,0.16181831
20510.0,0.16165386
20515.0,0.1614894
20520.0,0.16132495
20525.0,0.16116132
20530.0,0.16099687
20535.0,0.16083242
20540.0,0.1606688
20545.0,0.16050516
20550.0,0.16034071
20555.0,0.16017708
20560.0,0.16001347
20565.0,0.15984982
20570.0,0.1596862
20575.0,0.15952256
20580.0,0.15935975
20585.0,0.15919612
20590.0,0.15903331
20595.0,0.15886967
20600.0,0.15870687
20605.0,0.15854405
20610.0,0.15838042
20615.0,0.15821762
20620.0,0.1580548
20625.0,0.1578928
20630.0,0.15773
20635.0,0.15756717
20640.0,0.15740518
20645.0,0.15724237
20650.0,0.15708038
20655.0,0.15691757
20660.0,0.15675557
20665.0,0.15659358
20670.0,0.15643159
20675.0,0.15626958
20680.0,0.1561076
20685.0,0.15594642
20690.0,0.15578443
20695.0,0.15562324
20700.0,0.15546125
20705.0,0.15530008
20710.0,0.15513891
20715.0,0.15497772
20720.0,0.15481655
20725.0,0.15465538
20730.0,0.1544942
20735.0,0.15433303
20740.0,0.15417266
20745.0,0.15401149
20750.0,0.15385114
20755.0,0.15368995
20760.0,0.1535296
20765.0,0.15336923
20770.0,0.15320888
20775.0,0.15304853
20780.0,0.15288816
20785.0,0.15272781
20790.0,0.15256827
20795.0,0.15240791
20800.0,0.15224837
20805.0,0.15208884
20810.0,0.15192847
20815.0,0.15176892
20820.0,0.15160939
20825.0,0.15144986
20830.0,0.15129113
20835.0,0.1511316
20840.0,0.15097205
20845.0,0.15081333
20850.0,0.1506546
20855.0,0.15049507
20860.0,0.15033635
20865.0,0.15017763
20870.0,0.15001892
20875.0,0.14986019
20880.0,0.14970227
20885.0,0.14954355
20890.0,0.14938483
20895.0,0.14922693
20900.0,0.14906903
20905.0,0.1489103
20910.0,0.1487524
20915.0,0.1485945
20920.0,0.14843659
20925.0,0.1482795
20930.0,0.14812161
20935.0,0.1479637
20940.0,0.14780661
20945.0,0.1476487
20950.0,0.14749163
20955.0,0.14733455
20960.0,0.14717747
20965.0,0.14702038
20970.0,0.1468633
20975.0,0.14670703
20980.0,0.14654994
20985.0,0.14639285
20990.0,0.14623658
20995.0,0.14608033
21000.0,0.14592405
21005.0,0.14576778
21010.0,0.14561151
21015.0,0.14545524
21020.0,0.14529899
21025.0,0.14514272
21030.0,0.14498727
21035.0,0.1448318
21040.0,0.14467555
21045.0,0.1445201
21050.0,0.14436466
21055.0,0.1442092
21060.0,0.14405376
21065.0,0.14389911
21070.0,0.14374368
21075.0,0.14358905
21080.0,0.14343359
21085.0,0.14327897
21090.0,0.14312433
21095.0,0.14296971
21100.0,0.14281507
21105.0,0.14266044
21110.0,0.14250581
21115.0,0.14235198
21120.0,0.14219737
21125.0,0.14204355
21130.0,0.14188974
21135.0,0.14173593
21140.0,0.1415813
21145.0,0.1414283
21150.0,0.14127448
21155.0,0.14112069
21160.0,0.14096768
21165.0,0.14081387
21170.0,0.14066087
21175.0,0.14050788
21180.0,0.14035489
21185.0,0.14020188
21190.0,0.14004889
21195.0,0.1398959
21200.0,0.13974372
21205.0,0.13959073
21210.0,0.13943855
21215.0,0.13928555
21220.0,0.13913338
21225.0,0.13898121
21230.0,0.13882904
21235.0,0.13867769
21240.0,0.1385255
21245.0,0.13837332
21250.0,0.13822196
21255.0,0.13807061
21260.0,0.13791843
21265.0,0.13776706
21270.0,0.13761571
21275.0,0.13746516
21280.0,0.13731381
21285.0,0.13716246
21290.0,0.13701192
21295.0,0.13686138
21300.0,0.13671002
21305.0,0.13655949
21310.0,0.13640894
21315.0,0.13625921
21320.0,0.13610868
21325.0,0.13595814
21330.0,0.13580841
21335.0,0.13565788
21340.0,0.13550815
21345.0,0.13535842
21350.0,0.13520871
21355.0,0.13505898
21360.0,0.13490926
21365.0,0.13476035
21370.0,0.13461064
21375.0,0.13446175
21380.0,0.13431284
21385.0,0.13416393
21390.0,0.13401502
21395.0,0.13386612
21400.0,0.13371722
21405.0,0.13356914
21410.0,0.13342023
21415.0,0.13327214
21420.0,0.13312323
21425.0,0.13297515
21430.0,0.13282706
21435.0,0.13267979
21440.0,0.13253172
21445.0,0.13238363
21450.0,0.13223635
21455.0,0.13208827
21460.0,0.131941
21465.0,0.13179374
21470.0,0.13164647
21475.0,0.1314992
21480.0,0.13135275
21485.0,0.13120548
21490.0,0.13105904
21495.0,0.13091177
21500.0,0.13076532
21505.0,0.13061887
21510.0,0.13047242
21515.0,0.13032597
21520.0,0.13018034
21525.0,0.13003388
21530.0,0.12988827
21535.0,0.12974264
21540.0,0.12959617
21545.0,0.12945054
21550.0,0.12930574
21555.0,0.1291601
21560.0,0.12901448
21565.0,0.12886965
21570.0,0.12872402
21575.0,0.12857921
21580.0,0.1284344
21585.0,0.12828958
21590.0,0.12814477
21595.0,0.12800078
21600.0,0.12785597
21605.0,0.12771197
21610.0,0.12756798
21615.0,0.12742317
21620.0,0.12727918
21625.0,0.12713599
21630.0,0.126992
21635.0,0.126848
21640.0,0.12670483
21645.0,0.12656084
21650.0,0.12641765
21655.0,0.12627448
21660.0,0.1261313
21665.0,0.12598813
21670.0,0.12584578
21675.0,0.12570259
21680.0,0.12556024
21685.0,0.12541787
21690.0,0.12527551
21695.0,0.12513316
21700.0,0.1249908
21705.0,0.12484843
21710.0,0.124706075
21715.0,0.12456454
21720.0,0.124423005
21725.0,0.12428146
21730.0,0.12413992
21735.0,0.123998374
21740.0,0.123856835
21745.0,0.123715304
21750.0,0.12357458
21755.0,0.12343385
21760.0,0.123293124
21765.0,0.12315241
21770.0,0.123011686
21775.0,0.12287096
21780.0,0.12273025
21785.0,0.12259034
21790.0,0.12245043
21795.0,0.12230972
21800.0,0.12216981
21805.0,0.1220299
21810.0,0.12189082
21815.0,0.12175091
21820.0,0.12161183
21825.0,0.12147193
21830.0,0.12133285
21835.0,0.12119375
21840.0,0.12105467
21845.0,0.120915584
21850.0,0.12077732
21855.0,0.12063823
21860.0,0.12049996
21865.0,0.120361686
21870.0,0.120223425
21875.0,0.120085165
21880.0,0.11994689
21885.0,0.11980944
21890.0,0.11967118
21895.0,0.11953372
21900.0,0.11939628
21905.0,0.11925883
21910.0,0.11912137
21915.0,0.118983924
21920.0,0.118846476
21925.0,0.11870985
21930.0,0.1185732
21935.0,0.118436575
21940.0,0.118299946
21945.0,0.11816332
21950.0,0.11802669
21955.0,0.11789006
21960.0,0.117754236
21965.0,0.11761842
21970.0,0.11748261
21975.0,0.1173468
21980.0,0.117210984
21985.0,0.117075175
21990.0,0.11693936
21995.0,0.11680436
22000.0,0.11666937
22005.0,0.116534375
22010.0,0.11639938
22015.0,0.11626438
22020.0,0.11612938
22025.0,0.115994394
22030.0,0.11586021
22035.0,0.115726046
22040.0,0.11559187
22045.0,0.11545769
22050.0,0.11532351
22055.0,0.11518933
22060.0,0.11505515
22065.0,0.1149218
22070.0,0.11478844
22075.0,0.11465508
22080.0,0.11452172
22085.0,0.11438837
22090.0,0.114255
22095.0,0.11412246
22100.0,0.1139891
22105.0,0.11385656
22110.0,0.113724016
22115.0,0.113591485
22120.0,0.11345894
22125.0,0.11332639
22130.0,0.11319386
22135.0,0.113062136
22140.0,0.11293042
22145.0,0.11279869
22150.0,0.11266697
22155.0,0.112535246
22160.0,0.11240352
22165.0,0.1122718
22170.0,0.1121409
22175.0,0.11200999
22180.0,0.11187909
22185.0,0.11174818
22190.0,0.11161728
22195.0,0.11148637
22200.0,0.11135547
22205.0,0.11122539
22210.0,0.111095294
22215.0,0.110964395
22220.0,0.11083431
22225.0,0.11070503
22230.0,0.11057495
22235.0,0.110444866
22240.0,0.1103156
22245.0,0.110185504
22250.0,0.110056244
22255.0,0.109926976
22260.0,0.10979771
22265.0,0.10966926
22270.0,0.109539986
22275.0,0.10941154
22280.0,0.10928227
22285.0,0.10915382
22290.0,0.109025374
22295.0,0.108896926
22300.0,0.10876847
22305.0,0.10864084
22310.0,0.108512394
22315.0,0.10838476
22320.0,0.10825713
22325.0,0.10812868
22330.0,0.108001865
22335.0,0.10787423
22340.0,0.1077466
22345.0,0.107619785
22350.0,0.10749216
22355.0,0.10736534
22360.0,0.10723852
22365.0,0.10711171
22370.0,0.10698489
22375.0,0.10685809
22380.0,0.10673209
22385.0,0.10660528
22390.0,0.10647928
22395.0,0.10635328
22400.0,0.10622729
22405.0,0.1061013
22410.0,0.10597611
22415.0,0.105850115
22420.0,0.105724946
22425.0,0.10559895
22430.0,0.105473764
22435.0,0.105348594
22440.0,0.10522342
22445.0,0.10509823
22450.0,0.10497388
22455.0,0.1048487
22460.0,0.10472435
22465.0,0.10459998
22470.0,0.10447563
22475.0,0.10435127
22480.0,0.10422691
22485.0,0.104103364
22490.0,0.103979014
22495.0,0.10385546
22500.0,0.10373111
22505.0,0.103607565
22510.0,0.10348403
22515.0,0.10336129
22520.0,0.10323776
22525.0,0.10311421
22530.0,0.10299149
22535.0,0.10286877
22540.0,0.10274605
22545.0,0.10262333
22550.0,0.10250061
22555.0,0.10237788
22560.0,0.10225598
22565.0,0.10213325
22570.0,0.102011345
22575.0,0.10188945
22580.0,0.10176754
22585.0,0.10164563
22590.0,0.101523735
22595.0,0.10140183
22600.0,0.10128074
22605.0,0.101159655
22610.0,0.10103775
22615.0,0.10091666
22620.0,0.100795574
22625.0,0.10067531
22630.0,0.10055422
22635.0,0.10043313
22640.0,0.10031286
22645.0,0.10019259
22650.0,0.100072324
22655.0,0.09995206
22660.0,0.09983179
22665.0,0.09971152
22670.0,0.099592075
22675.0,0.09947181
22680.0,0.09935235
22685.0,0.099232905
22690.0,0.09911345
22695.0,0.098994
22700.0,0.098874554
22705.0,0.09875592
22710.0,0.09863647
22715.0,0.09851784
22720.0,0.09839921
22725.0,0.09827975
22730.0,0.09816112
22735.0,0.09804331
22740.0,0.09792468
22745.0,0.097806044
22750.0,0.097688235
22755.0,0.09757042
22760.0,0.0974526
22765.0,0.09733479
22770.0,0.09721698
22775.0,0.09709916
22780.0,0.096982166
22785.0,0.09686435
22790.0,0.09674736
22795.0,0.09663036
22800.0,0.09651336
22805.0,0.096396364
22810.0,0.096279375
22815.0,0.09616238
22820.0,0.0960462
22825.0,0.095929205
22830.0,0.09581303
22835.0,0.09569685
22840.0,0.09558067
22845.0,0.09546449
22850.0,0.09534831
22855.0,0.095232956
22860.0,0.09511678
22865.0,0.09500142
22870.0,0.09488606
22875.0,0.0947707
22880.0,0.09465534
22885.0,0.09453998
22890.0,0.09442462
22895.0,0.09431008
22900.0,0.09419554
22905.0,0.09408018
22910.0,0.093965635
22915.0,0.0938511
22920.0,0.09373655
22925.0,0.09362283
22930.0,0.093508296
22935.0,0.09339456
22940.0,0.093280025
22945.0,0.09316631
22950.0,0.09305258
22955.0,0.092938855
22960.0,0.09282514
22965.0,0.09271223
22970.0,0.092598505
22975.0,0.0924856
22980.0,0.09237269
22985.0,0.09225897
22990.0,0.09214688
22995.0,0.092033975
23000.0,0.091921076
23005.0,0.09180817
23010.0,0.09169608
23015.0,0.09158399
23020.0,0.09147109
23025.0,0.091359004
23030.0,0.09124692
23035.0,0.09113564
23040.0,0.09102356
23045.0,0.09091147
23050.0,0.0908002
23055.0,0.09068894
23060.0,0.09057767
23065.0,0.090466395
23070.0,0.09035513
23075.0,0.09024386
23080.0,0.090132594
23085.0,0.09002215
23090.0,0.08991087
23095.0,0.089800425
23100.0,0.08968997
23105.0,0.08957952
23110.0,0.089469075
23115.0,0.08935943
23120.0,0.089248985
23125.0,0.08913936
23130.0,0.08902891
23135.0,0.08891927
23140.0,0.08880964
23145.0,0.08870001
23150.0,0.088590376
23155.0,0.08848156
23160.0,0.08837193
23165.0,0.08826312
23170.0,0.0881543
23175.0,0.08804467
23180.0,0.08793586
23185.0,0.08782704
23190.0,0.087719046
23195.0,0.08761023
23200.0,0.08750223
23205.0,0.08739342
23210.0,0.08728542
23215.0,0.087177426
23220.0,0.08706943
23225.0,0.08696143
23230.0,0.08685344
23235.0,0.08674626
23240.0,0.086638264
23245.0,0.08653109
23250.0,0.0864239
23255.0,0.086316735
23260.0,0.08620955
23265.0,0.086102374
23270.0,0.0859952
23275.0,0.08588883
23280.0,0.085781656
23285.0,0.0856753
23290.0,0.08556894
23295.0,0.08546258
23300.0,0.08535622
23305.0,0.085249856
23310.0,0.08514432
23315.0,0.085037954
23320.0,0.08493242
23325.0,0.08482605
23330.0,0.084720515
23335.0,0.08461497
23340.0,0.08450943
23345.0,0.08440471
23350.0,0.08429917
23355.0,0.084194444
23360.0,0.0840889
23365.0,0.083984174
23370.0,0.08387945
23375.0,0.08377473
23380.0,0.083670005
23385.0,0.08356529
23390.0,0.08346138
23395.0,0.083356656
23400.0,0.08325274
23405.0,0.083148845
23410.0,0.08304494
23415.0,0.08294103
23420.0,0.08283713
23425.0,0.08273322
23430.0,0.082630135
23435.0,0.08252623
23440.0,0.08242314
23445.0,0.08232006
23450.0,0.08221614
23455.0,0.08211388
23460.0,0.08201079
23465.0,0.081907704
23470.0,0.08180462
23475.0,0.08170235
23480.0,0.081600085
23485.0,0.08149781
23490.0,0.081395544
23495.0,0.08129327
23500.0,0.081191
23505.0,0.08108873
23510.0,0.08098728
23515.0,0.080885015
23520.0,0.08078356
23525.0,0.080682114
23530.0,0.08058066
23535.0,0.08047921
23540.0,0.08037776
23545.0,0.08027631
23550.0,0.080175675
23555.0,0.08007422
23560.0,0.07997359
23565.0,0.07987296
23570.0,0.07977232
23575.0,0.079671696
23580.0,0.07957106
23585.0,0.07947043
23590.0,0.07937061
23595.0,0.079269975
23600.0,0.07917017
23605.0,0.07907035
23610.0,0.07897054
23615.0,0.07887072
23620.0,0.07877091
23625.0,0.07867191
23630.0,0.0785721
23635.0,0.0784731
23640.0,0.07837329
23645.0,0.07827429
23650.0,0.07817529
23655.0,0.078076296
23660.0,0.0779773
23665.0,0.07787912
23670.0,0.07778013
23675.0,0.07768195
23680.0,0.07758295
23685.0,0.07748477
23690.0,0.077386595
23695.0,0.07728842
23700.0,0.077191055
23705.0,0.07709288
23710.0,0.0769947
23715.0,0.07689734
23720.0,0.07679998
23725.0,0.0767018
23730.0,0.07660444
23735.0,0.07650708
23740.0,0.07641053
23745.0,0.07631318
23750.0,0.07621582
23755.0,0.076119274
23760.0,0.07602273
23765.0,0.07592537
23770.0,0.075828835
23775.0,0.07573229
23780.0,0.075636566
23785.0,0.07554003
23790.0,0.075443484
23795.0,0.07534776
23800.0,0.075252034
23805.0,0.07515549
23810.0,0.07505977
23815.0,0.07496405
23820.0,0.07486832
23825.0,0.074773416
23830.0,0.07467769
23835.0,0.074582785
23840.0,0.07448707
23845.0,0.074392155
23850.0,0.07429725
23855.0,0.074202344
23860.0,0.07410744
23865.0,0.07401253
23870.0,0.07391845
23875.0,0.07382354
23880.0,0.073729455
23885.0,0.07363536
23890.0,0.073541276
23895.0,0.07344719
23900.0,0.073353104
23905.0,0.07325902
23910.0,0.07316493
23915.0,0.07307166
23920.0,0.07297757
23925.0,0.0728843
23930.0,0.07279103
23935.0,0.07269776
23940.0,0.07260449
23945.0,0.072511226
23950.0,0.07241877
23955.0,0.0723255
23960.0,0.07223305
23965.0,0.072139785
23970.0,0.07204733
23975.0,0.07195488
23980.0,0.07186243
23985.0,0.07176998
23990.0,0.07167834
23995.0,0.07158589
24000.0,0.07149426
24005.0,0.07140181
24010.0,0.07131018
24015.0,0.07121854
24020.0,0.07112691
24025.0,0.07103527
24030.0,0.070943646
24035.0,0.07085282
24040.0,0.0707612
24045.0,0.07067038
24050.0,0.070579566
24055.0,0.07048875
24060.0,0.070397936
24065.0,0.07030712
24070.0,0.070216306
24075.0,0.07012549
24080.0,0.070035495
24085.0,0.06994468
24090.0,0.069854684
24095.0,0.06976469
24100.0,0.069674686
24105.0,0.06958469
24110.0,0.069494694
24115.0,0.0694047
24120.0,0.069315515
24125.0,0.06922552
24130.0,0.069136344
24135.0,0.06904717
24140.0,0.068957984
24145.0,0.06886881
24150.0,0.06877963
24155.0,0.06869045
24160.0,0.06860127
24165.0,0.06851292
24170.0,0.06842373
24175.0,0.06833538
24180.0,0.06824701
24185.0,0.06815865
24190.0,0.06807029
24195.0,0.06798193
24200.0,0.067894384
24205.0,0.06780603
24210.0,0.06771848
24215.0,0.06763013
24220.0,0.06754258
24225.0,0.06745504
24230.0,0.0673675
24235.0,0.06727996
24240.0,0.06719241
24245.0,0.06710569
24250.0,0.067018144
24255.0,0.06693143
24260.0,0.0668447
24265.0,0.06675798
24270.0,0.06667043
24275.0,0.06658453
24280.0,0.0664978
24285.0,0.06641108
24290.0,0.06632517
24295.0,0.06623845
24300.0,0.06615254
24305.0,0.06606664
24310.0,0.06597991
24315.0,0.06589483
24320.0,0.065808915
24325.0,0.06572301
24330.0,0.065637104
24335.0,0.06555202
24340.0,0.06546611
24345.0,0.06538102
24350.0,0.065295935
24355.0,0.06521085
24360.0,0.065125756
24365.0,0.06504068
24370.0,0.064956404
24375.0,0.06487132
24380.0,0.064786226
24385.0,0.06470196
24390.0,0.064617686
24395.0,0.06453342
24400.0,0.06444915
24405.0,0.06436488
24410.0,0.06428061
24415.0,0.06419715
24420.0,0.06411289
24425.0,0.06402944
24430.0,0.06394517
24435.0,0.06386171
24440.0,0.06377827
24445.0,0.06369481
24450.0,0.06361136
24455.0,0.063528724
24460.0,0.06344528
24465.0,0.06336182
24470.0,0.06327919
24475.0,0.063196555
24480.0,0.06311392
24485.0,0.06303129
24490.0,0.06294866
24495.0,0.062866025
24500.0,0.06278339
24505.0,0.062701575
24510.0,0.06261894
24515.0,0.062537126
24520.0,0.06245531
24525.0,0.062373497
24530.0,0.062291678
24535.0,0.062209863
24540.0,0.062128052
24545.0,0.062046234
24550.0,0.061965235
24555.0,0.061883423
24560.0,0.061802424
24565.0,0.061721426
24570.0,0.06164043
24575.0,0.06155943
24580.0,0.06147844
24585.0,0.061397437
24590.0,0.06131726
24595.0,0.061236262
24600.0,0.061156083
24605.0,0.061075084
24610.0,0.06099491
24615.0,0.060914733
24620.0,0.06083455
24625.0,0.06075437
24630.0,0.06067501
24635.0,0.060594834
24640.0,0.060515467
24645.0,0.06043529
24650.0,0.06035593
24655.0,0.06027657
24660.0,0.06019721
24665.0,0.060117852
24670.0,0.060038492
24675.0,0.059959125
24680.0,0.05988059
24685.0,0.05980122
24690.0,0.059722677
24695.0,0.05964414
24700.0,0.059564773
24705.0,0.059486236
24710.0,0.059408512
24715.0,0.059329968
24720.0,0.059251424
24725.0,0.05917288
24730.0,0.059095155
24735.0,0.059017435
24740.0,0.05893889
24745.0,0.058861166
24750.0,0.058783446
24755.0,0.058705717
24760.0,0.05862881
24765.0,0.058551088
24770.0,0.058473364
24775.0,0.05839646
24780.0,0.05831955
24785.0,0.05824182
24790.0,0.05816492
24795.0,0.05808801
24800.0,0.058011107
24805.0,0.057935018
24810.0,0.05785811
24815.0,0.057781205
24820.0,0.05770512
24825.0,0.057629026
24830.0,0.05755212
24835.0,0.057476036
24840.0,0.057399943
24845.0,0.05732386
24850.0,0.05724777
24855.0,0.0571725
24860.0,0.057096414
24865.0,0.057021145
24870.0,0.056945052
24875.0,0.056869783
24880.0,0.056794513
24885.0,0.056719244
24890.0,0.05664397
24895.0,0.0565687
24900.0,0.05649425
24905.0,0.056418978
24910.0,0.056344528
24915.0,0.056269255
24920.0,0.05619481
24925.0,0.056120355
24930.0,0.056045905
24935.0,0.05597145
24940.0,0.055896997
24945.0,0.055823367
24950.0,0.055748913
24955.0,0.05567528
24960.0,0.05560083
24965.0,0.055527195
24970.0,0.055453558
24975.0,0.055379927
24980.0,0.055306293
24985.0,0.055232663
24990.0,0.055159025
24995.0,0.055086214
25000.0,0.0
